{
  "configVersion": 1,
  "timestamp": 1605722408804,
  "index": "/index.html",
  "assetGroups": [
    {
      "name": "app",
      "installMode": "prefetch",
      "updateMode": "prefetch",
      "urls": [
        "/10-es2015.7676a911eadd173570af.js",
        "/10-es5.7676a911eadd173570af.js",
        "/11-es2015.a6f7a82b0a55885a16cd.js",
        "/11-es5.a6f7a82b0a55885a16cd.js",
        "/9-es2015.20f1e38ca868c1528a52.js",
        "/9-es5.20f1e38ca868c1528a52.js",
        "/canvg-es2015.11a2f14472f638fb7bc7.js",
        "/canvg-es5.11a2f14472f638fb7bc7.js",
        "/common-es2015.d62375b33ab53a84c064.js",
        "/common-es5.d62375b33ab53a84c064.js",
        "/index.html",
        "/main-es2015.7178aae4411e84034390.js",
        "/main-es5.7178aae4411e84034390.js",
        "/manifest.webmanifest",
        "/pdfmake-es2015.e30b26b634ef2c56d4ee.js",
        "/pdfmake-es5.e30b26b634ef2c56d4ee.js",
        "/polyfills-es2015.4a329d1eaeb15c2a44a1.js",
        "/polyfills-es5.324c967b56906c099286.js",
        "/runtime-es2015.a42f0a69d68c9aa0e543.js",
        "/runtime-es5.a42f0a69d68c9aa0e543.js",
        "/scripts.b5ba9c75932705eeb9e4.js",
        "/styles.93c8a86905fe5e3d1ba5.css",
        "/xlsx-es2015.dcfef45ca24952daa60a.js",
        "/xlsx-es5.dcfef45ca24952daa60a.js"
      ],
      "patterns": []
    },
    {
      "name": "assets",
      "installMode": "lazy",
      "updateMode": "prefetch",
      "urls": [
        "/assets/flags/Bandeira_de_Ribeirão_Preto.svg",
        "/assets/flags/mg-divinópolis.jpg",
        "/assets/flags/mg-ouro branco.jpg",
        "/assets/flags/mg-sete lagoas.jpg",
        "/assets/flags/mg-são joão del-rei.jpg",
        "/assets/flags/países/ad.svg",
        "/assets/flags/países/ae.svg",
        "/assets/flags/países/af.svg",
        "/assets/flags/países/ag.svg",
        "/assets/flags/países/ai.svg",
        "/assets/flags/países/al.svg",
        "/assets/flags/países/am.svg",
        "/assets/flags/países/an.svg",
        "/assets/flags/países/ao.svg",
        "/assets/flags/países/aq.svg",
        "/assets/flags/países/ar.svg",
        "/assets/flags/países/as.svg",
        "/assets/flags/países/at.svg",
        "/assets/flags/países/au.svg",
        "/assets/flags/países/aw.svg",
        "/assets/flags/países/ax.svg",
        "/assets/flags/países/az.svg",
        "/assets/flags/países/ba.svg",
        "/assets/flags/países/bb.svg",
        "/assets/flags/países/bd.svg",
        "/assets/flags/países/be.svg",
        "/assets/flags/países/bf.svg",
        "/assets/flags/países/bg.svg",
        "/assets/flags/países/bh.svg",
        "/assets/flags/países/bi.svg",
        "/assets/flags/países/bj.svg",
        "/assets/flags/países/bl.svg",
        "/assets/flags/países/bm.svg",
        "/assets/flags/países/bn.svg",
        "/assets/flags/países/bo.svg",
        "/assets/flags/países/bq.svg",
        "/assets/flags/países/br.svg",
        "/assets/flags/países/bs.svg",
        "/assets/flags/países/bt.svg",
        "/assets/flags/países/bv.svg",
        "/assets/flags/países/bw.svg",
        "/assets/flags/países/by.svg",
        "/assets/flags/países/bz.svg",
        "/assets/flags/países/ca.svg",
        "/assets/flags/países/cc.svg",
        "/assets/flags/países/cd.svg",
        "/assets/flags/países/cf.svg",
        "/assets/flags/países/cg.svg",
        "/assets/flags/países/ch.svg",
        "/assets/flags/países/ci.svg",
        "/assets/flags/países/ck.svg",
        "/assets/flags/países/cl.svg",
        "/assets/flags/países/cm.svg",
        "/assets/flags/países/cn.svg",
        "/assets/flags/países/co.svg",
        "/assets/flags/países/cr.svg",
        "/assets/flags/países/cu.svg",
        "/assets/flags/países/cv.svg",
        "/assets/flags/países/cw.svg",
        "/assets/flags/países/cx.svg",
        "/assets/flags/países/cy.svg",
        "/assets/flags/países/cz.svg",
        "/assets/flags/países/de.svg",
        "/assets/flags/países/dj.svg",
        "/assets/flags/países/dk.svg",
        "/assets/flags/países/dm.svg",
        "/assets/flags/países/do.svg",
        "/assets/flags/países/dz.svg",
        "/assets/flags/países/ec.svg",
        "/assets/flags/países/ee.svg",
        "/assets/flags/países/eg.svg",
        "/assets/flags/países/eh.svg",
        "/assets/flags/países/er.svg",
        "/assets/flags/países/es.svg",
        "/assets/flags/países/et.svg",
        "/assets/flags/países/eu.svg",
        "/assets/flags/países/fi.svg",
        "/assets/flags/países/fj.svg",
        "/assets/flags/países/fk.svg",
        "/assets/flags/países/fm.svg",
        "/assets/flags/países/fo.svg",
        "/assets/flags/países/fr.svg",
        "/assets/flags/países/ga.svg",
        "/assets/flags/países/gb-eng.svg",
        "/assets/flags/países/gb-nir.svg",
        "/assets/flags/países/gb-sct.svg",
        "/assets/flags/países/gb-wls.svg",
        "/assets/flags/países/gb.svg",
        "/assets/flags/países/gd.svg",
        "/assets/flags/países/ge.svg",
        "/assets/flags/países/gf.svg",
        "/assets/flags/países/gg.svg",
        "/assets/flags/países/gh.svg",
        "/assets/flags/países/gi.svg",
        "/assets/flags/países/gl.svg",
        "/assets/flags/países/gm.svg",
        "/assets/flags/países/gn.svg",
        "/assets/flags/países/gp.svg",
        "/assets/flags/países/gq.svg",
        "/assets/flags/países/gr.svg",
        "/assets/flags/países/gs.svg",
        "/assets/flags/países/gt.svg",
        "/assets/flags/países/gu.svg",
        "/assets/flags/países/gw.svg",
        "/assets/flags/países/gy.svg",
        "/assets/flags/países/hk.svg",
        "/assets/flags/países/hm.svg",
        "/assets/flags/países/hn.svg",
        "/assets/flags/países/hr.svg",
        "/assets/flags/países/ht.svg",
        "/assets/flags/países/hu.svg",
        "/assets/flags/países/id.svg",
        "/assets/flags/países/ie.svg",
        "/assets/flags/países/il.svg",
        "/assets/flags/países/im.svg",
        "/assets/flags/países/in.svg",
        "/assets/flags/países/io.svg",
        "/assets/flags/países/iq.svg",
        "/assets/flags/países/ir.svg",
        "/assets/flags/países/is.svg",
        "/assets/flags/países/it.svg",
        "/assets/flags/países/je.svg",
        "/assets/flags/países/jm.svg",
        "/assets/flags/países/jo.svg",
        "/assets/flags/países/jp.svg",
        "/assets/flags/países/ke.svg",
        "/assets/flags/países/kg.svg",
        "/assets/flags/países/kh.svg",
        "/assets/flags/países/ki.svg",
        "/assets/flags/países/km.svg",
        "/assets/flags/países/kn.svg",
        "/assets/flags/países/kp.svg",
        "/assets/flags/países/kr.svg",
        "/assets/flags/países/kw.svg",
        "/assets/flags/países/ky.svg",
        "/assets/flags/países/kz.svg",
        "/assets/flags/países/la.svg",
        "/assets/flags/países/lb.svg",
        "/assets/flags/países/lc.svg",
        "/assets/flags/países/li.svg",
        "/assets/flags/países/lk.svg",
        "/assets/flags/países/lr.svg",
        "/assets/flags/países/ls.svg",
        "/assets/flags/países/lt.svg",
        "/assets/flags/países/lu.svg",
        "/assets/flags/países/lv.svg",
        "/assets/flags/países/ly.svg",
        "/assets/flags/países/ma.svg",
        "/assets/flags/países/mc.svg",
        "/assets/flags/países/md.svg",
        "/assets/flags/países/me.svg",
        "/assets/flags/países/mf.svg",
        "/assets/flags/países/mg.svg",
        "/assets/flags/países/mh.svg",
        "/assets/flags/países/mk.svg",
        "/assets/flags/países/ml.svg",
        "/assets/flags/países/mm.svg",
        "/assets/flags/países/mn.svg",
        "/assets/flags/países/mo.svg",
        "/assets/flags/países/mp.svg",
        "/assets/flags/países/mq.svg",
        "/assets/flags/países/mr.svg",
        "/assets/flags/países/ms.svg",
        "/assets/flags/países/mt.svg",
        "/assets/flags/países/mu.svg",
        "/assets/flags/países/mv.svg",
        "/assets/flags/países/mw.svg",
        "/assets/flags/países/mx.svg",
        "/assets/flags/países/my.svg",
        "/assets/flags/países/mz.svg",
        "/assets/flags/países/na.svg",
        "/assets/flags/países/nc.svg",
        "/assets/flags/países/ne.svg",
        "/assets/flags/países/nf.svg",
        "/assets/flags/países/ng.svg",
        "/assets/flags/países/ni.svg",
        "/assets/flags/países/nl.svg",
        "/assets/flags/países/no.svg",
        "/assets/flags/países/np.svg",
        "/assets/flags/países/nr.svg",
        "/assets/flags/países/nu.svg",
        "/assets/flags/países/nz.svg",
        "/assets/flags/países/om.svg",
        "/assets/flags/países/pa.svg",
        "/assets/flags/países/pe.svg",
        "/assets/flags/países/pf.svg",
        "/assets/flags/países/pg.svg",
        "/assets/flags/países/ph.svg",
        "/assets/flags/países/pk.svg",
        "/assets/flags/países/pl.svg",
        "/assets/flags/países/pm.svg",
        "/assets/flags/países/pn.svg",
        "/assets/flags/países/pr.svg",
        "/assets/flags/países/ps.svg",
        "/assets/flags/países/pt.svg",
        "/assets/flags/países/pw.svg",
        "/assets/flags/países/py.svg",
        "/assets/flags/países/qa.svg",
        "/assets/flags/países/re.svg",
        "/assets/flags/países/ro.svg",
        "/assets/flags/países/rs.svg",
        "/assets/flags/países/ru.svg",
        "/assets/flags/países/rw.svg",
        "/assets/flags/países/sa.svg",
        "/assets/flags/países/sb.svg",
        "/assets/flags/países/sc.svg",
        "/assets/flags/países/sd.svg",
        "/assets/flags/países/se.svg",
        "/assets/flags/países/sg.svg",
        "/assets/flags/países/sh.svg",
        "/assets/flags/países/si.svg",
        "/assets/flags/países/sj.svg",
        "/assets/flags/países/sk.svg",
        "/assets/flags/países/sl.svg",
        "/assets/flags/países/sm.svg",
        "/assets/flags/países/sn.svg",
        "/assets/flags/países/so.svg",
        "/assets/flags/países/sr.svg",
        "/assets/flags/países/ss.svg",
        "/assets/flags/países/st.svg",
        "/assets/flags/países/sv.svg",
        "/assets/flags/países/sx.svg",
        "/assets/flags/países/sy.svg",
        "/assets/flags/países/sz.svg",
        "/assets/flags/países/tc.svg",
        "/assets/flags/países/td.svg",
        "/assets/flags/países/tf.svg",
        "/assets/flags/países/tg.svg",
        "/assets/flags/países/th.svg",
        "/assets/flags/países/tj.svg",
        "/assets/flags/países/tk.svg",
        "/assets/flags/países/tl.svg",
        "/assets/flags/países/tm.svg",
        "/assets/flags/países/tn.svg",
        "/assets/flags/países/to.svg",
        "/assets/flags/países/tr.svg",
        "/assets/flags/países/tt.svg",
        "/assets/flags/países/tv.svg",
        "/assets/flags/países/tw.svg",
        "/assets/flags/países/tz.svg",
        "/assets/flags/países/ua.svg",
        "/assets/flags/países/ug.svg",
        "/assets/flags/países/um.svg",
        "/assets/flags/países/us.svg",
        "/assets/flags/países/uy.svg",
        "/assets/flags/países/uz.svg",
        "/assets/flags/países/va.svg",
        "/assets/flags/países/vc.svg",
        "/assets/flags/países/ve.svg",
        "/assets/flags/países/vg.svg",
        "/assets/flags/países/vi.svg",
        "/assets/flags/países/vn.svg",
        "/assets/flags/países/vu.svg",
        "/assets/flags/países/wf.svg",
        "/assets/flags/países/ws.svg",
        "/assets/flags/países/xk.svg",
        "/assets/flags/países/ye.svg",
        "/assets/flags/países/yt.svg",
        "/assets/flags/países/za.svg",
        "/assets/flags/países/zm.svg",
        "/assets/flags/países/zw.svg",
        "/assets/flags/sp-catanduva.jpg",
        "/assets/flags/sp-cravinhos-big.jpg",
        "/assets/flags/sp-cravinhos.jpg",
        "/assets/flags/sp-olímpia.jpg",
        "/assets/flags/sp-pindorama.jpg",
        "/assets/flags/sp-ribeirão preto.jpg",
        "/assets/flags/sp-santa adélia.jpg",
        "/assets/flags/sp-sertãozinho.jpg",
        "/assets/flags/sp-sertãozinho.svg",
        "/assets/flags/sp-severínia.jpg",
        "/assets/flags/sp-são josé do rio preto.jpg",
        "/assets/flags/unknown.svg",
        "/assets/fonts/fa-brands-400.eot",
        "/assets/fonts/fa-brands-400.svg",
        "/assets/fonts/fa-brands-400.ttf",
        "/assets/fonts/fa-brands-400.woff",
        "/assets/fonts/fa-brands-400.woff2",
        "/assets/fonts/fa-regular-400.eot",
        "/assets/fonts/fa-regular-400.svg",
        "/assets/fonts/fa-regular-400.ttf",
        "/assets/fonts/fa-regular-400.woff",
        "/assets/fonts/fa-regular-400.woff2",
        "/assets/fonts/fa-solid-900.eot",
        "/assets/fonts/fa-solid-900.svg",
        "/assets/fonts/fa-solid-900.ttf",
        "/assets/fonts/fa-solid-900.woff",
        "/assets/fonts/fa-solid-900.woff2",
        "/assets/fonts/materialdesignicons-webfont.eot",
        "/assets/fonts/materialdesignicons-webfont.svg",
        "/assets/fonts/materialdesignicons-webfont.ttf",
        "/assets/fonts/materialdesignicons-webfont.woff",
        "/assets/fonts/materialdesignicons-webfont.woff2",
        "/assets/fonts/summernote.eot",
        "/assets/fonts/summernote.ttf",
        "/assets/fonts/summernote.woff",
        "/assets/heatmap/Catanduva.geojson",
        "/assets/heatmap/catanduva.ts",
        "/assets/i18n/de.json",
        "/assets/i18n/en.json",
        "/assets/i18n/fr.json",
        "/assets/i18n/pt.json",
        "/assets/icons/icon-128x128.png",
        "/assets/icons/icon-144x144.png",
        "/assets/icons/icon-152x152.png",
        "/assets/icons/icon-192x192.png",
        "/assets/icons/icon-384x384.png",
        "/assets/icons/icon-512x512.png",
        "/assets/icons/icon-72x72.png",
        "/assets/icons/icon-96x96.png",
        "/assets/icons/old-icon-128x128.png",
        "/assets/icons/old-icon-144x144.png",
        "/assets/icons/old-icon-152x152.png",
        "/assets/icons/old-icon-192x192.png",
        "/assets/icons/old-icon-384x384.png",
        "/assets/icons/old-icon-512x512.png",
        "/assets/icons/old-icon-72x72.png",
        "/assets/icons/old-icon-96x96.png",
        "/assets/images/404.png",
        "/assets/images/Layer x0020 1.png",
        "/assets/images/covid-virus-300px.webp",
        "/assets/images/covid-virus.png",
        "/assets/images/emojis.png",
        "/assets/images/favicon.ico",
        "/assets/images/favicon/android-icon-144x144.png",
        "/assets/images/favicon/android-icon-192x192.png",
        "/assets/images/favicon/android-icon-36x36.png",
        "/assets/images/favicon/android-icon-48x48.png",
        "/assets/images/favicon/android-icon-72x72.png",
        "/assets/images/favicon/android-icon-96x96.png",
        "/assets/images/favicon/apple-icon-114x114.png",
        "/assets/images/favicon/apple-icon-120x120.png",
        "/assets/images/favicon/apple-icon-144x144.png",
        "/assets/images/favicon/apple-icon-152x152.png",
        "/assets/images/favicon/apple-icon-180x180.png",
        "/assets/images/favicon/apple-icon-57x57.png",
        "/assets/images/favicon/apple-icon-60x60.png",
        "/assets/images/favicon/apple-icon-72x72.png",
        "/assets/images/favicon/apple-icon-76x76.png",
        "/assets/images/favicon/apple-icon-precomposed.png",
        "/assets/images/favicon/apple-icon.png",
        "/assets/images/favicon/favicon-16x16.png",
        "/assets/images/favicon/favicon-32x32.png",
        "/assets/images/favicon/favicon-96x96.png",
        "/assets/images/favicon/favicon.ico",
        "/assets/images/favicon/ms-icon-144x144.png",
        "/assets/images/favicon/ms-icon-150x150.png",
        "/assets/images/favicon/ms-icon-310x310.png",
        "/assets/images/favicon/ms-icon-70x70.png",
        "/assets/images/icon-black.svg",
        "/assets/images/icon-white.svg",
        "/assets/images/logo-light.png",
        "/assets/images/logo-sm.png",
        "/assets/images/logo-white.png",
        "/assets/images/logo-white.svg",
        "/assets/images/logo.svg",
        "/assets/images/mapa.webp",
        "/assets/images/old-icon-white.svg",
        "/assets/images/old-logo-white.svg",
        "/assets/images/preview.png",
        "/assets/images/step-1.png",
        "/assets/images/step-2.png",
        "/assets/images/step-3.png",
        "/assets/images/step-4.png",
        "/assets/images/step-5.png",
        "/assets/screenshots/sc1.png",
        "/assets/screenshots/sc2.png",
        "/assets/screenshots/sc3.png",
        "/assets/screenshots/sc4.png",
        "/assets/scss/_variables.scss",
        "/assets/scss/app.scss",
        "/assets/scss/bootstrap.scss",
        "/assets/scss/custom/components/_accordions.scss",
        "/assets/scss/custom/components/_backgrounds.scss",
        "/assets/scss/custom/components/_badge.scss",
        "/assets/scss/custom/components/_breadcrumb.scss",
        "/assets/scss/custom/components/_buttons.scss",
        "/assets/scss/custom/components/_card.scss",
        "/assets/scss/custom/components/_custom-checkbox.scss",
        "/assets/scss/custom/components/_custom-radio.scss",
        "/assets/scss/custom/components/_dropdown.scss",
        "/assets/scss/custom/components/_forms.scss",
        "/assets/scss/custom/components/_helper.scss",
        "/assets/scss/custom/components/_modal.scss",
        "/assets/scss/custom/components/_nav.scss",
        "/assets/scss/custom/components/_popover.scss",
        "/assets/scss/custom/components/_preloader.scss",
        "/assets/scss/custom/components/_print.scss",
        "/assets/scss/custom/components/_progress.scss",
        "/assets/scss/custom/components/_reboot.scss",
        "/assets/scss/custom/components/_ribbons.scss",
        "/assets/scss/custom/components/_social.scss",
        "/assets/scss/custom/components/_tables.scss",
        "/assets/scss/custom/components/_type.scss",
        "/assets/scss/custom/components/_widgets.scss",
        "/assets/scss/custom/fonts/_fonts.scss",
        "/assets/scss/custom/plugins/_icons.scss",
        "/assets/scss/custom/plugins/_waves.scss",
        "/assets/scss/custom/plugins/icons/_fontawesome-all.scss",
        "/assets/scss/custom/structure/_footer.scss",
        "/assets/scss/custom/structure/_general.scss",
        "/assets/scss/custom/structure/_horizontal-nav.scss",
        "/assets/scss/custom/structure/_topbar.scss",
        "/assets/scss/icons.scss",
        "/emojis.fcf92719f92a0d5f8aeb.png",
        "/layers-2x.4f0283c6ce28e888000e.png",
        "/layers.a6137456ed160d760698.png",
        "/marker-icon.2273e3d8ad9264b7daa5.png"
      ],
      "patterns": []
    }
  ],
  "dataGroups": [],
  "hashTable": {
    "/10-es2015.7676a911eadd173570af.js": "bd7e6ffed00df4d6840ef8b0272910012a369e08",
    "/10-es5.7676a911eadd173570af.js": "f710e83927780e1c2187b18a0eaa78b49a2c9908",
    "/11-es2015.a6f7a82b0a55885a16cd.js": "0cfa8a69fc336a32f251ada6389c488717637b22",
    "/11-es5.a6f7a82b0a55885a16cd.js": "67caadb60232608144b4b19fc052f83864e74abd",
    "/9-es2015.20f1e38ca868c1528a52.js": "c215a3c6bd5ebd4333bbf58228bd4b7bd0cc5399",
    "/9-es5.20f1e38ca868c1528a52.js": "b00bc5b0b15addc667a5697b28dbf08708807cc9",
    "/assets/flags/Bandeira_de_Ribeirão_Preto.svg": "2387b0111d3db1ce081a3929574ae116877b7179",
    "/assets/flags/mg-divinópolis.jpg": "6ec20781c9a20c21d99ee24af5f213ea43ef3433",
    "/assets/flags/mg-ouro branco.jpg": "e24315c1f5921c5dd8ae05f3785df9c8856a06c4",
    "/assets/flags/mg-sete lagoas.jpg": "89dc1b0741e34b5e8b92ff512998b491b7041898",
    "/assets/flags/mg-são joão del-rei.jpg": "450d9fdfa40f924eb29baa6a16ca4a1b186d1d19",
    "/assets/flags/países/ad.svg": "aaf69c4bc37f8522548acb7d65fa507c566d569a",
    "/assets/flags/países/ae.svg": "dd671e55a70bd5377821875b510b2b92c87015d3",
    "/assets/flags/países/af.svg": "1c78c6560e05a4eec95dc6c70392608ad3091a80",
    "/assets/flags/países/ag.svg": "f0752a5a40c813380611f34a2f1c948cc9e5df6f",
    "/assets/flags/países/ai.svg": "b8e12e64b3093c976dcacad9376914f6e3025563",
    "/assets/flags/países/al.svg": "2a7128966d2b3f26e262cc6787d807fe1e6df94f",
    "/assets/flags/países/am.svg": "8c14ecad36119a7f4fc3e26362b145025db09104",
    "/assets/flags/países/an.svg": "c6b0c5e6ef428c59e4e2cc31813affe6212d1a6b",
    "/assets/flags/países/ao.svg": "69c6dcece827d45b48d7507867151df6de63a616",
    "/assets/flags/países/aq.svg": "f12b67d44986c283c8dea449da7f86fe5a49698a",
    "/assets/flags/países/ar.svg": "9fa3a59a2013d5d0e4405dbd728118af688f7c95",
    "/assets/flags/países/as.svg": "594c8c3242a717142f5b14e38e3713e3f578edc8",
    "/assets/flags/países/at.svg": "897e41b7255a37b06108abf07ed46b57235fe2f5",
    "/assets/flags/países/au.svg": "17b158838e20706d6e7ccb35f61e4931707b93b0",
    "/assets/flags/países/aw.svg": "d16bfb74bbac3093cf5ad511a1df232e4820283f",
    "/assets/flags/países/ax.svg": "7ee6e9843f1baf75825cde595ccf214553391ab8",
    "/assets/flags/países/az.svg": "260174cce4ccc56a69b6b1a986e8780ac0047358",
    "/assets/flags/países/ba.svg": "84ae03f28fec7ca8586f4f82b1e0e82c8632bf0d",
    "/assets/flags/países/bb.svg": "e71a0379d049ee81fa9c333644a7094c0a472ee3",
    "/assets/flags/países/bd.svg": "d27902857e9b2b5d494fe9525f8c9b7ad5446fa0",
    "/assets/flags/países/be.svg": "31b96da0f78841f9669f9d2e6339aedfb084d89a",
    "/assets/flags/países/bf.svg": "ec04c26c070631c5ba0867a7f4922f56270a2f4c",
    "/assets/flags/países/bg.svg": "d8e9ee491aed027b9c68e562f868345bbc57279c",
    "/assets/flags/países/bh.svg": "98f0fe2a5def5ef6cc9669ff135b5d938e27a070",
    "/assets/flags/países/bi.svg": "89102fa047011f3e58b546b2f3a84a58dc8076a5",
    "/assets/flags/países/bj.svg": "10e53afb710ec4296aca1f9c686d170c25fd447d",
    "/assets/flags/países/bl.svg": "dd2e5e1a65131592a10cc8155cb9659000b909eb",
    "/assets/flags/países/bm.svg": "31df34dde4d68cd115ddcd6f57f1912707379f04",
    "/assets/flags/países/bn.svg": "15d1058ab2839e5693dc3e175dd43f69fe276f9a",
    "/assets/flags/países/bo.svg": "91ff19b39c71d6c995140c46340d6daceda2b1d8",
    "/assets/flags/países/bq.svg": "033be4f094b661c5aff918dc21ed6374cacf9e3a",
    "/assets/flags/países/br.svg": "63aab4c9f24d2c8e61d19173c05e816cb9a926d0",
    "/assets/flags/países/bs.svg": "17468be8d83df8d133fbda4526289e818d6d8d24",
    "/assets/flags/países/bt.svg": "01243baa44dcc5a941b92201d6dbdd88358a994a",
    "/assets/flags/países/bv.svg": "33d80190dba81f56da7c543ce33048d3e0137fa0",
    "/assets/flags/países/bw.svg": "90853891048e27a706a7007cc0d4ea4b15586bf9",
    "/assets/flags/países/by.svg": "66dc01ac0e71452eec6245a0b0cfc82c7e275ad3",
    "/assets/flags/países/bz.svg": "a21d336e1f0b14f76346b8415d8f4507d58236ad",
    "/assets/flags/países/ca.svg": "1ba250f48b23e786f87280a105e1e5f7154a613e",
    "/assets/flags/países/cc.svg": "5e364127da1f0df19487bdad077904c71fd8f94a",
    "/assets/flags/países/cd.svg": "ea56dfcdf7bc757de44bbe2f99d8ce4f11011871",
    "/assets/flags/países/cf.svg": "112b7314f042063982104bf4428196c7b4d7bc4f",
    "/assets/flags/países/cg.svg": "9e276e916d529950127532078025acf3da3a95c0",
    "/assets/flags/países/ch.svg": "46246d9f98bf18f68b44bcf21889527547919e98",
    "/assets/flags/países/ci.svg": "e113a4968b5f44a12b0864f3e69816bede48de7a",
    "/assets/flags/países/ck.svg": "af6ef1d6a8c30950d474edd86659d2bdab59d5ab",
    "/assets/flags/países/cl.svg": "1f006c4132e14c2a774f2a454b3aee3ba5f34baa",
    "/assets/flags/países/cm.svg": "3ec2cf26a453ab1cad069a334b7f4555e23ad78f",
    "/assets/flags/países/cn.svg": "7fdc101ae0c68e32d173b2a5fde044ec025c7cd1",
    "/assets/flags/países/co.svg": "ce808c39aa9092652b5e0f689626650ca77ccee0",
    "/assets/flags/países/cr.svg": "9a5e4a173f2eec1b8f09abaf029aa85c35fea979",
    "/assets/flags/países/cu.svg": "2553aad651922665df51541bfa27ff378a3e8c56",
    "/assets/flags/países/cv.svg": "caf0f3dddd9c3e1e981c039b03c7e81edae43914",
    "/assets/flags/países/cw.svg": "397ae96f9c1fa21e1e6924dface5c0d24b02c76e",
    "/assets/flags/países/cx.svg": "7515cf1fb813823b5b4b59205f2f1c51b0ac66aa",
    "/assets/flags/países/cy.svg": "a086c6d593c1fc04523a0bde215f1f3456ed9c6e",
    "/assets/flags/países/cz.svg": "6fc63acef22f0cadbc7b7474bbed135e8af7b423",
    "/assets/flags/países/de.svg": "69fac1786e33208f397a4e9cb916996196c5673f",
    "/assets/flags/países/dj.svg": "4b74206ac4837eae249f3653e92a73a45f9eec13",
    "/assets/flags/países/dk.svg": "a2e2f30ae670e0c6d157c984c00cb5012a31c3a6",
    "/assets/flags/países/dm.svg": "63705ac9cf9d3850ef9331927e412d54fe90b3da",
    "/assets/flags/países/do.svg": "e6cc05e2ada2bf7d0577b987d354cd1567931d81",
    "/assets/flags/países/dz.svg": "6fcbb7a262711b4e34823a4e5863e9f37983f832",
    "/assets/flags/países/ec.svg": "fb8f84ae0e279b2b93a51f3ceaa5e82edb548c73",
    "/assets/flags/países/ee.svg": "c64c9dc0d6812221e7526f979d12fbfc52dfe549",
    "/assets/flags/países/eg.svg": "76d56d785c222f2551d5ab849bc94aefa727bcbf",
    "/assets/flags/países/eh.svg": "9fa6e28a7e6c1f735c17492aa321883b53c66a0a",
    "/assets/flags/países/er.svg": "9a61a428802c09f979a5c36fda1332f5ddcbe995",
    "/assets/flags/países/es.svg": "f52f6a50804771307435b93605f4e81379560f31",
    "/assets/flags/países/et.svg": "5c6235a3f8c686406ba7a3f4f95e3d3ad97fb339",
    "/assets/flags/países/eu.svg": "38baf79126d561968f029d6137d1689b92f83674",
    "/assets/flags/países/fi.svg": "ee9e44f99bf66d57a6a7bab4bde5ca93db308498",
    "/assets/flags/países/fj.svg": "6bee8c110f7141fb608fd3b80180302e24250bec",
    "/assets/flags/países/fk.svg": "c8c249249f615806a9d1858a4d98b5742a12bf43",
    "/assets/flags/países/fm.svg": "ef5d1644618d94f2728d10dbd6784a856def0328",
    "/assets/flags/países/fo.svg": "58c8af270ca621f037eceda37729de9f583c649f",
    "/assets/flags/países/fr.svg": "b52d8c0c7b34095b89b9f26bb5a57c08748b14be",
    "/assets/flags/países/ga.svg": "1eeb5e68b9df053fcd4c25fa7d908bf66c135e79",
    "/assets/flags/países/gb-eng.svg": "b7c77a80e392ae9af8334ac9e87f806546adc0b2",
    "/assets/flags/países/gb-nir.svg": "4d9202fd13cef40860568cb31218e920e58b5ae0",
    "/assets/flags/países/gb-sct.svg": "93bc50e5a1a1e14e96b18e5add1a0c83cfd19463",
    "/assets/flags/países/gb-wls.svg": "462e87c8bc072fabb259de244ef0fda75cd8cc62",
    "/assets/flags/países/gb.svg": "4d9202fd13cef40860568cb31218e920e58b5ae0",
    "/assets/flags/países/gd.svg": "dd7a590ff158e72fc753bc4689893ba8ca1c588a",
    "/assets/flags/países/ge.svg": "298cfefc4b92e25a42d6f48ac95719522be6f6d7",
    "/assets/flags/países/gf.svg": "b52d8c0c7b34095b89b9f26bb5a57c08748b14be",
    "/assets/flags/países/gg.svg": "fcab9fb88f7d4a2c9fe06d3d3a02fc02c8c2c9dd",
    "/assets/flags/países/gh.svg": "209cfbd115d211623046f874c4929b7e47bda519",
    "/assets/flags/países/gi.svg": "70c707821d915da771b5e3112d706bee7e83a2e8",
    "/assets/flags/países/gl.svg": "d2aff0c20d710ed58f899e2092c049e284e26753",
    "/assets/flags/países/gm.svg": "34a6c127c2a661f075026f6eb340d49df43651c1",
    "/assets/flags/países/gn.svg": "f3efa9404879559ec4c17c951b869d99705e8feb",
    "/assets/flags/países/gp.svg": "a18a0490b36c7180b699ace711a86a8e91fff956",
    "/assets/flags/países/gq.svg": "e24dc6075befbc74b7fa12624986156641dfa929",
    "/assets/flags/países/gr.svg": "f82d06d3087f46191bb826c3bb06dd0d844aaa0d",
    "/assets/flags/países/gs.svg": "79ee0d938f09bc5d28bfece2520ca9fd9b9b0099",
    "/assets/flags/países/gt.svg": "418d1a36d3e0b4b8ba505729df9500ab0bd6d038",
    "/assets/flags/países/gu.svg": "c267b5cf22b2eb4a366e3d828d2e593b9df71c41",
    "/assets/flags/países/gw.svg": "f583bb08d95bfbcb53e17560beb9e3b396323064",
    "/assets/flags/países/gy.svg": "ef620cea429b36102bff4bc9537dba53e48f4af8",
    "/assets/flags/países/hk.svg": "b1f96fad30b4c60978181f59e3a5c684c9a3f227",
    "/assets/flags/países/hm.svg": "17b158838e20706d6e7ccb35f61e4931707b93b0",
    "/assets/flags/países/hn.svg": "15a0e8017ff531b927d38afe318b37fc697e0cd4",
    "/assets/flags/países/hr.svg": "57946bf02a43a812e3531db350f6e44ba85dc12d",
    "/assets/flags/países/ht.svg": "9e37e8b0dde2e132f074af0169e3ee6ba6223067",
    "/assets/flags/países/hu.svg": "fa00708ae06a9a1f3cb229382d1b3c93b78b6220",
    "/assets/flags/países/id.svg": "96412d9e18575f49dfeef2d7d207df712bfbdf77",
    "/assets/flags/países/ie.svg": "8b1b6bcacfb8fee7fc318bf8e90d374e790cb4e0",
    "/assets/flags/países/il.svg": "86a8f137cf26453636f2e03b7b9333d9567227a6",
    "/assets/flags/países/im.svg": "bc6013ec8fc5bb80925cb7557791387878dd31e1",
    "/assets/flags/países/in.svg": "625e6d011a283b90d4ef1c5b910ceb59451d5ec2",
    "/assets/flags/países/io.svg": "719600fa2132afc656f2641d3d839fe1cc889de2",
    "/assets/flags/países/iq.svg": "c60849db1e2e6df323e944a19f615073223fe3b3",
    "/assets/flags/países/ir.svg": "06038fd6b4f388fd36410e86a9942d00cde9fdbe",
    "/assets/flags/países/is.svg": "80dd61e69788e56094c4e009b6cd1fc353878619",
    "/assets/flags/países/it.svg": "c530ced783949fec41347424c7e44999fdd2dee0",
    "/assets/flags/países/je.svg": "cdd03269febcd39020f9cbaa45e0c64a5668b05b",
    "/assets/flags/países/jm.svg": "d36cc6428aa8741779865761e7f86418d5d2e6a3",
    "/assets/flags/países/jo.svg": "3347db55ae1b445e3b19d871e7896857bfe0f25d",
    "/assets/flags/países/jp.svg": "dae29a9def8977ad5ab14684de6090f5d9d7a562",
    "/assets/flags/países/ke.svg": "f94e0f161843b3356da2b7172818fcbeb8d34e2e",
    "/assets/flags/países/kg.svg": "58d589c1ac01fa46ed158e5273b7a728cf08d92b",
    "/assets/flags/países/kh.svg": "2abd836d1a5a3aeb2c09f712aa45914bf6bb1b6f",
    "/assets/flags/países/ki.svg": "1068deac40d21f95a04950b25ba067f32b5bcab2",
    "/assets/flags/países/km.svg": "5d1b9f18cf71b051aa6d31ca8b70016bc034c055",
    "/assets/flags/países/kn.svg": "73ed9b5a362633d0efcb1336cfed2f0d2751bfcc",
    "/assets/flags/países/kp.svg": "63d40f6a0e7664c02da3019a1274e31f44386d9c",
    "/assets/flags/países/kr.svg": "6df73acca2a95bc937f35b2ee85f6307cadbcd97",
    "/assets/flags/países/kw.svg": "58a6506a0ffaf49acc055f112de8275f0d0505b8",
    "/assets/flags/países/ky.svg": "8c11354286d02af06c05c6c8e3bb84d8cdedeab4",
    "/assets/flags/países/kz.svg": "d92b58a29bda1f5b6dd3645b0407b2d6885882ce",
    "/assets/flags/países/la.svg": "b48ab9531cef8eabebbd88a5e4f1cc0286c54c28",
    "/assets/flags/países/lb.svg": "b7813e0348a452d86aec1c6818e6b780a149d676",
    "/assets/flags/países/lc.svg": "dfd62db327da1cc1af643b4d146c3e2253855037",
    "/assets/flags/países/li.svg": "c452093f708bb989df361a53968d15012872e07f",
    "/assets/flags/países/lk.svg": "1ccfc93945a6aa212dbfb360d2ca97e02fdf7f6e",
    "/assets/flags/países/lr.svg": "fc3a2550692d317a2a0c31ec11939e68b9d81e4d",
    "/assets/flags/países/ls.svg": "ef5db98aed89d3b7c6776b64f9a2b0d7f1ebffda",
    "/assets/flags/países/lt.svg": "60c5f3beba9c13adaf3f8e29b907bf908f70c636",
    "/assets/flags/países/lu.svg": "a9c26b1c288c9bec42b0b09eea707bac2f2405d2",
    "/assets/flags/países/lv.svg": "715b2b3f2be42777105a952d9b2e09722294281b",
    "/assets/flags/países/ly.svg": "b4aa7fb32118707bfbb7ac5c84ddfc270bb492d3",
    "/assets/flags/países/ma.svg": "68abd9bd63e793d45895ba765f5cfcdfc9f1b883",
    "/assets/flags/países/mc.svg": "8dd75a1333157d18cecdd57f6a205cf59770965a",
    "/assets/flags/países/md.svg": "7190dda8b00684762e02cd2ec38889ecfa675b5c",
    "/assets/flags/países/me.svg": "481675cc681fec630b81af21d606fc6add87f534",
    "/assets/flags/países/mf.svg": "a18a0490b36c7180b699ace711a86a8e91fff956",
    "/assets/flags/países/mg.svg": "9311d65148295c8cfe5cf5ac17aec0b447ad0de2",
    "/assets/flags/países/mh.svg": "634afd34d753ad091dff981b2f8ca235fe0c30c1",
    "/assets/flags/países/mk.svg": "0db1660003dae1ae837148e88428d214969bee22",
    "/assets/flags/países/ml.svg": "2333ab5bd0c7fa8f274e4c5c94be28e8afabae17",
    "/assets/flags/países/mm.svg": "5bd8611f214cf41d095af3b7a661cb94828cf118",
    "/assets/flags/países/mn.svg": "8a2b2631fde2b591e783fc5849ce6ceae93f618d",
    "/assets/flags/países/mo.svg": "e13b35b3d40e3e864049c446bebbb6bfac78fb7f",
    "/assets/flags/países/mp.svg": "b724c11f34f9796aead31b2e0c93f216fb347885",
    "/assets/flags/países/mq.svg": "a8353429457a13df8ba746bf0cd13ec25af714df",
    "/assets/flags/países/mr.svg": "0679eb2ffe560bb2bb3cae48285028758638aa6f",
    "/assets/flags/países/ms.svg": "73938fb4a33d397069b8d6dbad4cd53299a3aa58",
    "/assets/flags/países/mt.svg": "9d4e3506c3bd1652629f3d0f08cdc37a9dfa2ce3",
    "/assets/flags/países/mu.svg": "307928fd52bae33dd7d777bc6df5fc1f506fcec8",
    "/assets/flags/países/mv.svg": "5c4efa9b23ffc7c080e032c6f8c1741820cbba51",
    "/assets/flags/países/mw.svg": "7a73bd5795f887a34e5008def91672525705ba06",
    "/assets/flags/países/mx.svg": "af45214d4214ac5abeec4b41be62f2eb1f4954d3",
    "/assets/flags/países/my.svg": "fcc77eaf07f9d195afe033a3b07189554043c648",
    "/assets/flags/países/mz.svg": "674bfb61e5ba084b9128b65f3f746efa357864d2",
    "/assets/flags/países/na.svg": "4dca83b9fe6c74b6dee0a254a61b91043608850a",
    "/assets/flags/países/nc.svg": "7e693b19d8388038159c9467e4e9abc41937ece6",
    "/assets/flags/países/ne.svg": "a27ec6f2950116a1c58d7b2070839f64a953201d",
    "/assets/flags/países/nf.svg": "69cb64a34e6fc98ccd992d4d39630c743a8c2195",
    "/assets/flags/países/ng.svg": "e98b0bbf1bf20d766992dac66f06c4eec098e566",
    "/assets/flags/países/ni.svg": "3dde6c67ad5136920b530b4ee64e647888f8feac",
    "/assets/flags/países/nl.svg": "033be4f094b661c5aff918dc21ed6374cacf9e3a",
    "/assets/flags/países/no.svg": "33d80190dba81f56da7c543ce33048d3e0137fa0",
    "/assets/flags/países/np.svg": "a5c1c826312db4398701a374c0f9bc7f12623c33",
    "/assets/flags/países/nr.svg": "c488e360e4a72c276261a7eff8c488fc6bfae833",
    "/assets/flags/países/nu.svg": "8211fe796d270de4f6b47e18ab31fb80a698f663",
    "/assets/flags/países/nz.svg": "d160311783ae1b4d4983df6016d03d0628688bb1",
    "/assets/flags/países/om.svg": "c43e6976dc7b32e929172bcb4f7303d066ef98a3",
    "/assets/flags/países/pa.svg": "273d164ed340bd20b3ff3b3201035cad36f9b3f5",
    "/assets/flags/países/pe.svg": "550974afb4a7166a7407170a33476a92de33aedb",
    "/assets/flags/países/pf.svg": "97f77233800ed5a58914891c65ca7be9643407de",
    "/assets/flags/países/pg.svg": "11321f5492cfc9b2b2881697dcc87e1ed0ab12fc",
    "/assets/flags/países/ph.svg": "18b4ef97b84c185c7677e043136eb53cf3072671",
    "/assets/flags/países/pk.svg": "d377c053a15361acd6eb3cf78b4502de6538a70d",
    "/assets/flags/países/pl.svg": "97c359b860011b44c59087841de6d9809777f58a",
    "/assets/flags/países/pm.svg": "a18a0490b36c7180b699ace711a86a8e91fff956",
    "/assets/flags/países/pn.svg": "050b87e9049d0cedaea7e80d0e1d44bc95f6c011",
    "/assets/flags/países/pr.svg": "1f74f4caf4cffbfe3311248673890d28b535df19",
    "/assets/flags/países/ps.svg": "3c5417d9177720d3f6f40c9a9ddb03040628c19d",
    "/assets/flags/países/pt.svg": "2979ff12857f5df77951206bdff23d50d92d1430",
    "/assets/flags/países/pw.svg": "0f33b75ac49f8cb945fa4ef3ee15266a2fc39218",
    "/assets/flags/países/py.svg": "99bb7e6bf33accb0cedd11644f5e78379482535a",
    "/assets/flags/países/qa.svg": "b222284f07f4c72bfbcca9307edd27e4237a9203",
    "/assets/flags/países/re.svg": "a18a0490b36c7180b699ace711a86a8e91fff956",
    "/assets/flags/países/ro.svg": "cb535293898308280f82d108563bd6dd791cf166",
    "/assets/flags/países/rs.svg": "6debd167a735b6202245aecd085697f3d9b24b7e",
    "/assets/flags/países/ru.svg": "8cd7358527308c3fd319068c2e59e01fe73c711b",
    "/assets/flags/países/rw.svg": "fb2c1381c53b5028c092c2b97318fe0869459315",
    "/assets/flags/países/sa.svg": "4c7dac33e2ba331e20c8b6c8e3b9afee0781ff84",
    "/assets/flags/países/sb.svg": "f39c0c3359b9ed70c37b8da48ba0316909528747",
    "/assets/flags/países/sc.svg": "bcb8f2f3b5fda98ddcb94a2675b5739fd59b7d8a",
    "/assets/flags/países/sd.svg": "fd7cfc4d94cb7507c107fc91ee991c3674b5e027",
    "/assets/flags/países/se.svg": "2ccce0709119188a1cc30358bcf197415c812abd",
    "/assets/flags/países/sg.svg": "d9a6bee3e4fff78a0fc9b3fce52b34969426b486",
    "/assets/flags/países/sh.svg": "4d9202fd13cef40860568cb31218e920e58b5ae0",
    "/assets/flags/países/si.svg": "7c47b98e65a9e4a1f838ec9fcd711e3b2476920f",
    "/assets/flags/países/sj.svg": "33d80190dba81f56da7c543ce33048d3e0137fa0",
    "/assets/flags/países/sk.svg": "e889e1abfec756cdb8732eb0528ac1032a37ab0d",
    "/assets/flags/países/sl.svg": "abcc85bbe81e269585a54acf4c2743229cf73602",
    "/assets/flags/países/sm.svg": "643fed7de70c8032c90f0bdb4b49e889bbbbbb34",
    "/assets/flags/países/sn.svg": "2e60a04e6a819ec5ca906193435fdea8e1d97c76",
    "/assets/flags/países/so.svg": "8bf9ac860190757e8e10b272408d5945de7ee992",
    "/assets/flags/países/sr.svg": "10b9ce470f6df86dc685229d0329cb29111a37fc",
    "/assets/flags/países/ss.svg": "4d88734b9c953bc6e66d9f19eaf36230638553ad",
    "/assets/flags/países/st.svg": "e637901cce28f2598fc347b5b7f463da9d781927",
    "/assets/flags/países/sv.svg": "e48ec1ff9632dab1387e1bf5490ff36b3dc93982",
    "/assets/flags/países/sx.svg": "225137d8173a61129ce1bb8a2955cf7cc13409e5",
    "/assets/flags/países/sy.svg": "4dc596c2f07580204548f5ce78afc67fe46884b6",
    "/assets/flags/países/sz.svg": "a61cdad8d1481307bd62fe7ccfa9f33548363267",
    "/assets/flags/países/tc.svg": "d1ef0deafa9f3de5266dbd0946117e7c58e5ddea",
    "/assets/flags/países/td.svg": "b8fae1cf0cf63c5bf8ecdffff44b96a76306cf35",
    "/assets/flags/países/tf.svg": "acf3e053b935f55125326dab479a90b3b5d82a7a",
    "/assets/flags/países/tg.svg": "4d776e954e5058b8ee82ec03fd9f94d4e84e2fa6",
    "/assets/flags/países/th.svg": "680d76d1fa4ba8b0567253d6e6caabe286daf76b",
    "/assets/flags/países/tj.svg": "b0acb93c9e683edf13456eea95e4034a8a14f00d",
    "/assets/flags/países/tk.svg": "653a5ead2bad0868bfc3aaad92c0048d0152cfda",
    "/assets/flags/países/tl.svg": "12eb26abc713df48c7cdd53873e59feeabdbc589",
    "/assets/flags/países/tm.svg": "5f7a298c2af8d18265fc342998bc74bbc39dee68",
    "/assets/flags/países/tn.svg": "52549b36d4b43ffc586da9a17c46e4a0dd919075",
    "/assets/flags/países/to.svg": "8d54e6d2ab6481b23e0ce079f4da4986dcc04438",
    "/assets/flags/países/tr.svg": "dc839644e90a9bb3cf3ee42460aa89704c8e774b",
    "/assets/flags/países/tt.svg": "c9db362fbff6fc71cc0b44ee4848fcf1b5e303b6",
    "/assets/flags/países/tv.svg": "a1cabd26df34fb56928b40f90bc31ef97133fd9f",
    "/assets/flags/países/tw.svg": "8a10fc0c856bfc0f2ae1dc52948d439bbfca17d2",
    "/assets/flags/países/tz.svg": "0fceb79902db8584aca09d1a7daead673632e820",
    "/assets/flags/países/ua.svg": "3b2da8d0c735e084db935aee5715aa93cb88ed0e",
    "/assets/flags/países/ug.svg": "a60399e970137a625e89da479dba92b7afbcf8ca",
    "/assets/flags/países/um.svg": "d128b6a142be876b37a25e4b2b7b84a4df0ebcec",
    "/assets/flags/países/us.svg": "d128b6a142be876b37a25e4b2b7b84a4df0ebcec",
    "/assets/flags/países/uy.svg": "e6ad68ca34182ba93cfcb4aa204b8ac18b5f4625",
    "/assets/flags/países/uz.svg": "5bfdb235d670f432d37237b8e1f240abc7f9de05",
    "/assets/flags/países/va.svg": "e3e8cd58bb299c7283053e49cded9545143d31a7",
    "/assets/flags/países/vc.svg": "f36d567eac1259fc880c629a1680a47379ddb297",
    "/assets/flags/países/ve.svg": "77ecd01e5a58b385452723cb63bee35d17b9b99f",
    "/assets/flags/países/vg.svg": "6648c071810251e61b2decba40205493817b0795",
    "/assets/flags/países/vi.svg": "64372fbe11e563b8d534776337f587d13bc90928",
    "/assets/flags/países/vn.svg": "dd99de4671f1c3b96dcebdd7db461bce4cd1d268",
    "/assets/flags/países/vu.svg": "f3157909787e069b7ffa83927da1c32e9a6fdd34",
    "/assets/flags/países/wf.svg": "17e7097f697f1e733f645719eb2c2199db859b46",
    "/assets/flags/países/ws.svg": "287fffd532dcd236c9b7f23d0eebb4caaa544191",
    "/assets/flags/países/xk.svg": "39abe74889d3abbb29b27675e7e4ec7365c758ae",
    "/assets/flags/países/ye.svg": "c57ac69018bd12fa98742da2ed5f6ccc6b9e0763",
    "/assets/flags/países/yt.svg": "a18a0490b36c7180b699ace711a86a8e91fff956",
    "/assets/flags/países/za.svg": "6cd331a6cb9bb6812372a59dfc0252c5d36e5157",
    "/assets/flags/países/zm.svg": "46a044440de3eb0ff86d225c52be6c85e1609101",
    "/assets/flags/países/zw.svg": "827301cae3178861be2b580d0fdbd7e2c5f55b39",
    "/assets/flags/sp-catanduva.jpg": "a3137792d5b4c7ab57efe83fa5f76f5255f5a6cf",
    "/assets/flags/sp-cravinhos-big.jpg": "91ec4205c6716126a0cecaca3d1492092bf0b974",
    "/assets/flags/sp-cravinhos.jpg": "f45a267fa1a07d8b2e3efc64d29af8cf13c14975",
    "/assets/flags/sp-olímpia.jpg": "e27bbf04cceb6eb9e2ff2c978ec85ed9a89f5e2b",
    "/assets/flags/sp-pindorama.jpg": "00c957150554dd12e75a02ff66b38ceb45e080a4",
    "/assets/flags/sp-ribeirão preto.jpg": "233e7cd76f0c47ffe292e38578ce3741616f9eff",
    "/assets/flags/sp-santa adélia.jpg": "2a869e60cd0440c0e43fed68e121ce935ed77c2b",
    "/assets/flags/sp-sertãozinho.jpg": "d108e28143a3f13ed1006df315fb9fd43f425dca",
    "/assets/flags/sp-sertãozinho.svg": "f0514fa2328e55a1bf409afb6dfa8f5e42efb476",
    "/assets/flags/sp-severínia.jpg": "8795517fdee052c019f6ecee91f2eada00b91d85",
    "/assets/flags/sp-são josé do rio preto.jpg": "00bca2674097af56c4b762431ca1733a8aa8e542",
    "/assets/flags/unknown.svg": "447919e30b1b74b26a277d0a2cd537d37f321c37",
    "/assets/fonts/fa-brands-400.eot": "077fb9ea340316075962ba08e4fdc96eb2e4df07",
    "/assets/fonts/fa-brands-400.svg": "94b435b77d62b21bbb378d9a4dbc18494225eb0a",
    "/assets/fonts/fa-brands-400.ttf": "69b73df3c8992a93859246065a267a05bfd8cf56",
    "/assets/fonts/fa-brands-400.woff": "ead05c8f530e600a8e27cab0ff7065d7a41b7b0f",
    "/assets/fonts/fa-brands-400.woff2": "f988b2efe9434b0af28943708d33dd3afad9a5ba",
    "/assets/fonts/fa-regular-400.eot": "43350c3fa2db974faa8c275c1a1d35e5973ddf98",
    "/assets/fonts/fa-regular-400.svg": "67132d14a641ad8e59570cc37310c6fc777987a5",
    "/assets/fonts/fa-regular-400.ttf": "9706453c3ea9b73e7c08b3be1e7c716d655cf916",
    "/assets/fonts/fa-regular-400.woff": "52442e07d8cfc65daeefb08d3d7f64b8331b57e0",
    "/assets/fonts/fa-regular-400.woff2": "fbb0d9d51850d824d7eba66e0e210c778d6d42f5",
    "/assets/fonts/fa-solid-900.eot": "6275300c533b525bd590a7e8190ee00c67928313",
    "/assets/fonts/fa-solid-900.svg": "a24f75395c61216cb50d17e9c1d159984a464097",
    "/assets/fonts/fa-solid-900.ttf": "3f760416638f6459ade7251b80fd7bc27d6ad1c6",
    "/assets/fonts/fa-solid-900.woff": "594f1d426bbb705028696be1686176508b04793c",
    "/assets/fonts/fa-solid-900.woff2": "80644191098f863f25be27841c0d92c452cf2327",
    "/assets/fonts/materialdesignicons-webfont.eot": "f4ac13a1db2e75cc443950454205493237da7694",
    "/assets/fonts/materialdesignicons-webfont.svg": "ff5dc2b17d87d2332798ff79cb34f3fdc4b9b9ee",
    "/assets/fonts/materialdesignicons-webfont.ttf": "f43fdf96cad017650fec26420797147ebcd4ca67",
    "/assets/fonts/materialdesignicons-webfont.woff": "8e3046c3377ca08873bca7f2ca6e7d13003acf9c",
    "/assets/fonts/materialdesignicons-webfont.woff2": "a611f43c63d8a380791f49ab4af729d63cfce28a",
    "/assets/fonts/summernote.eot": "51ae0f115d53af97c07cd8568e5a6a949b31e9cf",
    "/assets/fonts/summernote.ttf": "ac1208a1b2b7fdf02e95fc41a95cc03c8632f481",
    "/assets/fonts/summernote.woff": "db14a5b479332023d45af15a5fe9f433bbc6290f",
    "/assets/heatmap/Catanduva.geojson": "1644074e18e14395ef78e80fc750c9c71ea0172d",
    "/assets/heatmap/catanduva.ts": "b705989b44d0db1ac4604bfee7310ea18ece5ae4",
    "/assets/i18n/de.json": "98f058324d64da09495d28b830afc7980938bf47",
    "/assets/i18n/en.json": "c0525e27fb931b179c1a0af6610b16297e131c6d",
    "/assets/i18n/fr.json": "b98401cdee7d4bd5b7e7ad6b998b732d42a49cac",
    "/assets/i18n/pt.json": "d20663975317bfe845d986ed0ebd3cf7ead45643",
    "/assets/icons/icon-128x128.png": "2195918ac7a8e90e46b4adaf94f65b7df8eb1e49",
    "/assets/icons/icon-144x144.png": "ad8615def0cffba6b7218062912421ab32075925",
    "/assets/icons/icon-152x152.png": "98c96a60b3d29c9159b581819253fa4b7ed56476",
    "/assets/icons/icon-192x192.png": "5b2d5cb7eb6bbb641abfd551c3db6f00b409f1da",
    "/assets/icons/icon-384x384.png": "552bf62a3b0a2e73abef70751de1ef0eb0972669",
    "/assets/icons/icon-512x512.png": "910834e7c3f28378fe3279f91977e3b5b9d27858",
    "/assets/icons/icon-72x72.png": "572594c1d8c1e8846b8a5f814a537a9e335b8e64",
    "/assets/icons/icon-96x96.png": "1da95edba79bdd20b1283131db8d59443e62abc7",
    "/assets/icons/old-icon-128x128.png": "6f84a6f6c144e7f8e0f1db43f911ebeebf2fa74d",
    "/assets/icons/old-icon-144x144.png": "ce7c56768092324536733f324d3b30ba76ad2ee8",
    "/assets/icons/old-icon-152x152.png": "f47261415d36bb6e6a85f686ded6e6f863157b89",
    "/assets/icons/old-icon-192x192.png": "e941fe05573a5ed38221048ca5c126d4140222b8",
    "/assets/icons/old-icon-384x384.png": "3873238c18e11aceb89aa5da44eccb790180c8a6",
    "/assets/icons/old-icon-512x512.png": "d3ad390b154f48841ef37153c4f4ed7c23feb2e9",
    "/assets/icons/old-icon-72x72.png": "6e8eeecf466c226119bba349caf3a0a0f887d9b1",
    "/assets/icons/old-icon-96x96.png": "68609749f484bef736e8a24478ece8ee52cf5705",
    "/assets/images/404.png": "21753f6cbc8b3f1c205c5bf0472aa8aebabf6e7b",
    "/assets/images/Layer x0020 1.png": "38de5f3a1e88a445eb4f6d6784e13c01840d61fe",
    "/assets/images/covid-virus-300px.webp": "3fdb41747263126983c1432cc322ac559a84dc45",
    "/assets/images/covid-virus.png": "410a88eed18fd18750e5e508730f06d4f56035f6",
    "/assets/images/emojis.png": "eea32e10db30b792eec4808851a283d450c47227",
    "/assets/images/favicon.ico": "7f9a5418c0a7ee4c9f475ac32d1042828ec309be",
    "/assets/images/favicon/android-icon-144x144.png": "dbeea1da5c171967975481619d5518727a014b90",
    "/assets/images/favicon/android-icon-192x192.png": "ad4b1b0f7a12f420757d88758fe41cf3ab4a8961",
    "/assets/images/favicon/android-icon-36x36.png": "46e2456ecfda44acee750945da1c087bc86ab2d4",
    "/assets/images/favicon/android-icon-48x48.png": "63e687e849001af1b6e18d5a7c969bda3772113a",
    "/assets/images/favicon/android-icon-72x72.png": "6e5148b6cabd9dbfdc6c7aa15db8de15a170e1b1",
    "/assets/images/favicon/android-icon-96x96.png": "8eb023b53a40bfd6cc814d519fc5b386a3a76bfa",
    "/assets/images/favicon/apple-icon-114x114.png": "62ec98366fd2742fa75f6d841f85ba86f9b833a4",
    "/assets/images/favicon/apple-icon-120x120.png": "754e95f376a2b8cafcfd8f79c2f57bf64706110e",
    "/assets/images/favicon/apple-icon-144x144.png": "dbeea1da5c171967975481619d5518727a014b90",
    "/assets/images/favicon/apple-icon-152x152.png": "68fdd18947c6b625fd90dae90dbf5883e12b6a75",
    "/assets/images/favicon/apple-icon-180x180.png": "6ab7a9023b4196483a5a2ee9deb52d254300356d",
    "/assets/images/favicon/apple-icon-57x57.png": "668eeca8d6e2c10f0ca45bc6e6d8046a5b011051",
    "/assets/images/favicon/apple-icon-60x60.png": "2dc66946b4b77024a46c7f6fb8d493c979db52a5",
    "/assets/images/favicon/apple-icon-72x72.png": "6e5148b6cabd9dbfdc6c7aa15db8de15a170e1b1",
    "/assets/images/favicon/apple-icon-76x76.png": "3b565880caebf51d9e82b5db73ad5519c6e77833",
    "/assets/images/favicon/apple-icon-precomposed.png": "9a20fa4ff44aeb0213128c443de6d5d1850d93aa",
    "/assets/images/favicon/apple-icon.png": "9a20fa4ff44aeb0213128c443de6d5d1850d93aa",
    "/assets/images/favicon/favicon-16x16.png": "ac467ea64e732c1136c100d2dc86ee1dccb2a6b1",
    "/assets/images/favicon/favicon-32x32.png": "52ab13d33e75a1a906d3b48259cb9ffee4f52c03",
    "/assets/images/favicon/favicon-96x96.png": "8eb023b53a40bfd6cc814d519fc5b386a3a76bfa",
    "/assets/images/favicon/favicon.ico": "e193492cf1e4627855b23a113308bf41c78a6542",
    "/assets/images/favicon/ms-icon-144x144.png": "dbeea1da5c171967975481619d5518727a014b90",
    "/assets/images/favicon/ms-icon-150x150.png": "b7c872357f458c9630cbbd8d2c3c7cf274f43df9",
    "/assets/images/favicon/ms-icon-310x310.png": "ef6e46565cd771327b80d676ad1fb8386ac74173",
    "/assets/images/favicon/ms-icon-70x70.png": "abf17b5f7b9ad2052850a56ddc16298f0fcf178d",
    "/assets/images/icon-black.svg": "c6504db50eeaef6b650bf2e0a087bb4672d7c401",
    "/assets/images/icon-white.svg": "5a73a0ae0aa36fd598fe428bf2cd3c2540bdf005",
    "/assets/images/logo-light.png": "4f913a5a44b64e925c1ab87040bb0456cea15ac1",
    "/assets/images/logo-sm.png": "3df4b0735e29a3e22f4c4cb787064bdae687d4a4",
    "/assets/images/logo-white.png": "6b2169f0cddec681863297cf231cbb755c9d1ff2",
    "/assets/images/logo-white.svg": "4d10bca7e317c52fd8aed55514ea1257533131c6",
    "/assets/images/logo.svg": "0fccaa0e509f8dc992e17e70c7b7ff81fdf15a23",
    "/assets/images/mapa.webp": "f5d6f424cbc2938635a84ce325cb03c7b89e26c6",
    "/assets/images/old-icon-white.svg": "18adeecdf5ebc0e65ceb7a09da97c008569f9c7f",
    "/assets/images/old-logo-white.svg": "b5b5faa896cce19f95b0935850eaf5ef68b5e9fe",
    "/assets/images/preview.png": "f4be6ef4bc6cdf85a7e50afded1b14b5df040ab1",
    "/assets/images/step-1.png": "4780fb221590d005d74c307112ab6c448643eb46",
    "/assets/images/step-2.png": "f393bb4ceb9b6e42a3a183e5c9f4902fe0776b84",
    "/assets/images/step-3.png": "c1172e8185f1474c2eff470db60a9072af516db5",
    "/assets/images/step-4.png": "9dcda9104448626bf21b59033f737327c2b02613",
    "/assets/images/step-5.png": "fce6df390d0b0a36c88972e7b71f2fc2917fea57",
    "/assets/screenshots/sc1.png": "21f1f158468b9c01a9195a85d69ee44195d4dc22",
    "/assets/screenshots/sc2.png": "6c375f09c0d2f35812c6dc7c6a881489d0f3c2da",
    "/assets/screenshots/sc3.png": "3e75b000246895f0b835fac6f7516f8115f7d1d0",
    "/assets/screenshots/sc4.png": "baeae8e5ea1a9af4d1147e86a8441c0329501cb3",
    "/assets/scss/_variables.scss": "28c528e45a722c7ff5efb8e972d0928b080e81a0",
    "/assets/scss/app.scss": "1bb11939db05eecfe5c3f26c16f5943e581945d5",
    "/assets/scss/bootstrap.scss": "2efc0abbe83c5d4eeb6261847c2ada7d67f3b1fd",
    "/assets/scss/custom/components/_accordions.scss": "8f5a798193b5f7370346f6ccaa5ad669922cb83b",
    "/assets/scss/custom/components/_backgrounds.scss": "0d22ca705af7ac37b45bde7de1c6e77297ef679d",
    "/assets/scss/custom/components/_badge.scss": "2bc1e0fdb359a9545b69b67fdd64905f9c57eb65",
    "/assets/scss/custom/components/_breadcrumb.scss": "2502de41e8e67c30540cf3e848bddd5bd4519d9e",
    "/assets/scss/custom/components/_buttons.scss": "220b4c2c32aa34a6327689345a25876b5573ecd9",
    "/assets/scss/custom/components/_card.scss": "9c4f79001b27d5fac9ffd2293be49062f303e9d1",
    "/assets/scss/custom/components/_custom-checkbox.scss": "125550095572b33ec31eaaf5a52fc80b310853d5",
    "/assets/scss/custom/components/_custom-radio.scss": "733187ace8f490ab5df4e2cbefef8c0c46c25890",
    "/assets/scss/custom/components/_dropdown.scss": "636417b7fb6d638da5aa4d5afef7a6cc64c9c4d9",
    "/assets/scss/custom/components/_forms.scss": "a4a0fee6d75fec8ac0b32ca01cc7d62d5d60c143",
    "/assets/scss/custom/components/_helper.scss": "0ed86771a0251be1c5e801d8079e849386a28de3",
    "/assets/scss/custom/components/_modal.scss": "620d715190da660436b8525bdc6ff67cc40244e3",
    "/assets/scss/custom/components/_nav.scss": "58536c9869857e63bd035788a3fe73ac6602969f",
    "/assets/scss/custom/components/_popover.scss": "2a3f7bbf68320311ea895c59452ba3a16d1e5ba3",
    "/assets/scss/custom/components/_preloader.scss": "4a3a11ea19106fb685fc19881c0d0b815f123e9b",
    "/assets/scss/custom/components/_print.scss": "e7c6e6334fa982c4b6c8020f908b3dc992f51367",
    "/assets/scss/custom/components/_progress.scss": "5f0d078def7eff6bc07c06f4a94242fe5d636301",
    "/assets/scss/custom/components/_reboot.scss": "2a1714a8f78c216af83af18ad23f26c38b64851e",
    "/assets/scss/custom/components/_ribbons.scss": "6ec9159fb9c34173a7b8fd497438c5418fe6f5e1",
    "/assets/scss/custom/components/_social.scss": "72a79c731846c455efa788c1fae83a9f2762290f",
    "/assets/scss/custom/components/_tables.scss": "af785cd887ac5ffc81d929d08f23770ba37ce687",
    "/assets/scss/custom/components/_type.scss": "cefb27f81857970348bcbd9a07f69461af706536",
    "/assets/scss/custom/components/_widgets.scss": "3ed04424093f3cd588af3f88ead3f8b72b78c60b",
    "/assets/scss/custom/fonts/_fonts.scss": "b1a07cacfb465a3c3364e630f895604d1b1e6dd4",
    "/assets/scss/custom/plugins/_icons.scss": "d91175be37d55e870c47aed309f9311cda74722c",
    "/assets/scss/custom/plugins/_waves.scss": "7f4c8c0de4820c78ab960fc66bdf56666e0cdef5",
    "/assets/scss/custom/plugins/icons/_fontawesome-all.scss": "02c4527ad9eb2a5d0c0b2c012b6fcf5d54c56c92",
    "/assets/scss/custom/structure/_footer.scss": "3ca9caf311ac96474caf360aab6ae399fea13f44",
    "/assets/scss/custom/structure/_general.scss": "ad2c5ee6e4a53a7fecc10cc08f36c094d551d1cc",
    "/assets/scss/custom/structure/_horizontal-nav.scss": "6d1a35abe30e90e5a597aafa9300cfad15af1730",
    "/assets/scss/custom/structure/_topbar.scss": "771718214d280ec8f3506fb5623b1f24a5fca490",
    "/assets/scss/icons.scss": "aba0df7b6b88d5100f31ef0eb91664c53c55de2d",
    "/canvg-es2015.11a2f14472f638fb7bc7.js": "e71d6a78fa31ebeba74486a48c403b7347df0afe",
    "/canvg-es5.11a2f14472f638fb7bc7.js": "33a93d13f158dd5791c1d9c3709b7abf4a610e8b",
    "/common-es2015.d62375b33ab53a84c064.js": "78b6b2c6c47ae44b22e9534d9b81ba97e8a6ada4",
    "/common-es5.d62375b33ab53a84c064.js": "f5a025e1e45e8a8b69e43ecaebd79b1e3dbfe684",
    "/emojis.fcf92719f92a0d5f8aeb.png": "eea32e10db30b792eec4808851a283d450c47227",
    "/index.html": "dbf9e0a20f3fe8d26d5f7e0639e1493470a11339",
    "/layers-2x.4f0283c6ce28e888000e.png": "152a162333e46d24f9d89f566312fc0c64011dee",
    "/layers.a6137456ed160d760698.png": "c9e7528e491a39232ba24a2706c6c739d6fb0f06",
    "/main-es2015.7178aae4411e84034390.js": "7f72a9c29e0e558f03e382b5753f84a00b66a17f",
    "/main-es5.7178aae4411e84034390.js": "5dcade5236bd09d7aa46a740ab7d617d708d8c5d",
    "/manifest.webmanifest": "e7af9e5966b26acfeff6b014e8ba0b093fe94428",
    "/marker-icon.2273e3d8ad9264b7daa5.png": "60a90bcbb2b42b7ddb4556db94eb7c1084b0e5da",
    "/pdfmake-es2015.e30b26b634ef2c56d4ee.js": "35ef303e6174631b24cf9d52e0dc750815c85085",
    "/pdfmake-es5.e30b26b634ef2c56d4ee.js": "3b5c22e6d92fb4aa0d89a45df9e0df27f33d1c83",
    "/polyfills-es2015.4a329d1eaeb15c2a44a1.js": "a428f6caa2a79934a810d9d6bdaaa692ac13404b",
    "/polyfills-es5.324c967b56906c099286.js": "7a952c9fab9a4b1c93e2a2e3fb55b646a7ea3df7",
    "/runtime-es2015.a42f0a69d68c9aa0e543.js": "fa40b99e423dba1827a7153d3239c3241f696275",
    "/runtime-es5.a42f0a69d68c9aa0e543.js": "517f756d5ed094f30c32da2055bf8b2f7a9abd26",
    "/scripts.b5ba9c75932705eeb9e4.js": "59d753a366c452783789601883752a006dafa504",
    "/styles.93c8a86905fe5e3d1ba5.css": "ddb9a7f88cce2d02d310d8c6449fbccc0dc5a012",
    "/xlsx-es2015.dcfef45ca24952daa60a.js": "b4c5770067e6473b8c88c9e2d382036095de7431",
    "/xlsx-es5.dcfef45ca24952daa60a.js": "b554542ee6e4516c0925ffed2b88e685a8d80541"
  },
  "navigationUrls": [
    {
      "positive": true,
      "regex": "^\\/.*$"
    },
    {
      "positive": false,
      "regex": "^\\/(?:.+\\/)?[^/]*\\.[^/]*$"
    },
    {
      "positive": false,
      "regex": "^\\/(?:.+\\/)?[^/]*__[^/]*$"
    },
    {
      "positive": false,
      "regex": "^\\/(?:.+\\/)?[^/]*__[^/]*\\/.*$"
    }
  ]
}