{
  "configVersion": 1,
  "timestamp": 1593374530805,
  "index": "/index.html",
  "assetGroups": [
    {
      "name": "app",
      "installMode": "prefetch",
      "updateMode": "prefetch",
      "urls": [
        "/canvg-es2015.d15a54cb936d3ae5df24.js",
        "/canvg-es5.d15a54cb936d3ae5df24.js",
        "/index.html",
        "/main-es2015.ccb29fad7a8e0f4ba3e8.js",
        "/main-es5.ccb29fad7a8e0f4ba3e8.js",
        "/manifest.webmanifest",
        "/pdfmake-es2015.fafbc45c92efb4c7d568.js",
        "/pdfmake-es5.fafbc45c92efb4c7d568.js",
        "/polyfills-es2015.dbec0c0db560c1d15a28.js",
        "/polyfills-es5.9cbbc9758d6fa6c1ca74.js",
        "/runtime-es2015.b62ad8636d13ffb4bf91.js",
        "/runtime-es5.b62ad8636d13ffb4bf91.js",
        "/scripts.7bca0281299d35514a17.js",
        "/styles.fca2f1d29e4f7b09f9ad.css",
        "/xlsx-es2015.c6f98f630709bb00d485.js",
        "/xlsx-es5.c6f98f630709bb00d485.js"
      ],
      "patterns": []
    },
    {
      "name": "assets",
      "installMode": "lazy",
      "updateMode": "prefetch",
      "urls": [
        "/assets/flags/ad.svg",
        "/assets/flags/ae.svg",
        "/assets/flags/af.svg",
        "/assets/flags/ag.svg",
        "/assets/flags/ai.svg",
        "/assets/flags/al.svg",
        "/assets/flags/am.svg",
        "/assets/flags/an.svg",
        "/assets/flags/ao.svg",
        "/assets/flags/aq.svg",
        "/assets/flags/ar.svg",
        "/assets/flags/as.svg",
        "/assets/flags/at.svg",
        "/assets/flags/au.svg",
        "/assets/flags/aw.svg",
        "/assets/flags/ax.svg",
        "/assets/flags/az.svg",
        "/assets/flags/ba.svg",
        "/assets/flags/bb.svg",
        "/assets/flags/bd.svg",
        "/assets/flags/be.svg",
        "/assets/flags/bf.svg",
        "/assets/flags/bg.svg",
        "/assets/flags/bh.svg",
        "/assets/flags/bi.svg",
        "/assets/flags/bj.svg",
        "/assets/flags/bl.svg",
        "/assets/flags/bm.svg",
        "/assets/flags/bn.svg",
        "/assets/flags/bo.svg",
        "/assets/flags/bq.svg",
        "/assets/flags/br.svg",
        "/assets/flags/bs.svg",
        "/assets/flags/bt.svg",
        "/assets/flags/bv.svg",
        "/assets/flags/bw.svg",
        "/assets/flags/by.svg",
        "/assets/flags/bz.svg",
        "/assets/flags/ca.svg",
        "/assets/flags/catanduva.jpg",
        "/assets/flags/cc.svg",
        "/assets/flags/cd.svg",
        "/assets/flags/cf.svg",
        "/assets/flags/cg.svg",
        "/assets/flags/ch.svg",
        "/assets/flags/ci.svg",
        "/assets/flags/ck.svg",
        "/assets/flags/cl.svg",
        "/assets/flags/cm.svg",
        "/assets/flags/cn.svg",
        "/assets/flags/co.svg",
        "/assets/flags/cr.svg",
        "/assets/flags/cu.svg",
        "/assets/flags/cv.svg",
        "/assets/flags/cw.svg",
        "/assets/flags/cx.svg",
        "/assets/flags/cy.svg",
        "/assets/flags/cz.svg",
        "/assets/flags/de.svg",
        "/assets/flags/dj.svg",
        "/assets/flags/dk.svg",
        "/assets/flags/dm.svg",
        "/assets/flags/do.svg",
        "/assets/flags/dz.svg",
        "/assets/flags/ec.svg",
        "/assets/flags/ee.svg",
        "/assets/flags/eg.svg",
        "/assets/flags/eh.svg",
        "/assets/flags/er.svg",
        "/assets/flags/es.svg",
        "/assets/flags/et.svg",
        "/assets/flags/eu.svg",
        "/assets/flags/fi.svg",
        "/assets/flags/fj.svg",
        "/assets/flags/fk.svg",
        "/assets/flags/fm.svg",
        "/assets/flags/fo.svg",
        "/assets/flags/fr.svg",
        "/assets/flags/ga.svg",
        "/assets/flags/gb-eng.svg",
        "/assets/flags/gb-nir.svg",
        "/assets/flags/gb-sct.svg",
        "/assets/flags/gb-wls.svg",
        "/assets/flags/gb.svg",
        "/assets/flags/gd.svg",
        "/assets/flags/ge.svg",
        "/assets/flags/gf.svg",
        "/assets/flags/gg.svg",
        "/assets/flags/gh.svg",
        "/assets/flags/gi.svg",
        "/assets/flags/gl.svg",
        "/assets/flags/gm.svg",
        "/assets/flags/gn.svg",
        "/assets/flags/gp.svg",
        "/assets/flags/gq.svg",
        "/assets/flags/gr.svg",
        "/assets/flags/gs.svg",
        "/assets/flags/gt.svg",
        "/assets/flags/gu.svg",
        "/assets/flags/gw.svg",
        "/assets/flags/gy.svg",
        "/assets/flags/hk.svg",
        "/assets/flags/hm.svg",
        "/assets/flags/hn.svg",
        "/assets/flags/hr.svg",
        "/assets/flags/ht.svg",
        "/assets/flags/hu.svg",
        "/assets/flags/id.svg",
        "/assets/flags/ie.svg",
        "/assets/flags/il.svg",
        "/assets/flags/im.svg",
        "/assets/flags/in.svg",
        "/assets/flags/io.svg",
        "/assets/flags/iq.svg",
        "/assets/flags/ir.svg",
        "/assets/flags/is.svg",
        "/assets/flags/it.svg",
        "/assets/flags/je.svg",
        "/assets/flags/jm.svg",
        "/assets/flags/jo.svg",
        "/assets/flags/jp.svg",
        "/assets/flags/ke.svg",
        "/assets/flags/kg.svg",
        "/assets/flags/kh.svg",
        "/assets/flags/ki.svg",
        "/assets/flags/km.svg",
        "/assets/flags/kn.svg",
        "/assets/flags/kp.svg",
        "/assets/flags/kr.svg",
        "/assets/flags/kw.svg",
        "/assets/flags/ky.svg",
        "/assets/flags/kz.svg",
        "/assets/flags/la.svg",
        "/assets/flags/lb.svg",
        "/assets/flags/lc.svg",
        "/assets/flags/li.svg",
        "/assets/flags/lk.svg",
        "/assets/flags/lr.svg",
        "/assets/flags/ls.svg",
        "/assets/flags/lt.svg",
        "/assets/flags/lu.svg",
        "/assets/flags/lv.svg",
        "/assets/flags/ly.svg",
        "/assets/flags/ma.svg",
        "/assets/flags/mc.svg",
        "/assets/flags/md.svg",
        "/assets/flags/me.svg",
        "/assets/flags/mf.svg",
        "/assets/flags/mg.svg",
        "/assets/flags/mh.svg",
        "/assets/flags/mk.svg",
        "/assets/flags/ml.svg",
        "/assets/flags/mm.svg",
        "/assets/flags/mn.svg",
        "/assets/flags/mo.svg",
        "/assets/flags/mp.svg",
        "/assets/flags/mq.svg",
        "/assets/flags/mr.svg",
        "/assets/flags/ms.svg",
        "/assets/flags/mt.svg",
        "/assets/flags/mu.svg",
        "/assets/flags/mv.svg",
        "/assets/flags/mw.svg",
        "/assets/flags/mx.svg",
        "/assets/flags/my.svg",
        "/assets/flags/mz.svg",
        "/assets/flags/na.svg",
        "/assets/flags/nc.svg",
        "/assets/flags/ne.svg",
        "/assets/flags/nf.svg",
        "/assets/flags/ng.svg",
        "/assets/flags/ni.svg",
        "/assets/flags/nl.svg",
        "/assets/flags/no.svg",
        "/assets/flags/np.svg",
        "/assets/flags/nr.svg",
        "/assets/flags/nu.svg",
        "/assets/flags/nz.svg",
        "/assets/flags/om.svg",
        "/assets/flags/pa.svg",
        "/assets/flags/pe.svg",
        "/assets/flags/pf.svg",
        "/assets/flags/pg.svg",
        "/assets/flags/ph.svg",
        "/assets/flags/pk.svg",
        "/assets/flags/pl.svg",
        "/assets/flags/pm.svg",
        "/assets/flags/pn.svg",
        "/assets/flags/pr.svg",
        "/assets/flags/ps.svg",
        "/assets/flags/pt.svg",
        "/assets/flags/pw.svg",
        "/assets/flags/py.svg",
        "/assets/flags/qa.svg",
        "/assets/flags/re.svg",
        "/assets/flags/ro.svg",
        "/assets/flags/rs.svg",
        "/assets/flags/ru.svg",
        "/assets/flags/rw.svg",
        "/assets/flags/sa.svg",
        "/assets/flags/sb.svg",
        "/assets/flags/sc.svg",
        "/assets/flags/sd.svg",
        "/assets/flags/se.svg",
        "/assets/flags/sg.svg",
        "/assets/flags/sh.svg",
        "/assets/flags/si.svg",
        "/assets/flags/sj.svg",
        "/assets/flags/sk.svg",
        "/assets/flags/sl.svg",
        "/assets/flags/sm.svg",
        "/assets/flags/sn.svg",
        "/assets/flags/so.svg",
        "/assets/flags/sr.svg",
        "/assets/flags/ss.svg",
        "/assets/flags/st.svg",
        "/assets/flags/sv.svg",
        "/assets/flags/sx.svg",
        "/assets/flags/sy.svg",
        "/assets/flags/sz.svg",
        "/assets/flags/tc.svg",
        "/assets/flags/td.svg",
        "/assets/flags/tf.svg",
        "/assets/flags/tg.svg",
        "/assets/flags/th.svg",
        "/assets/flags/tj.svg",
        "/assets/flags/tk.svg",
        "/assets/flags/tl.svg",
        "/assets/flags/tm.svg",
        "/assets/flags/tn.svg",
        "/assets/flags/to.svg",
        "/assets/flags/tr.svg",
        "/assets/flags/tt.svg",
        "/assets/flags/tv.svg",
        "/assets/flags/tw.svg",
        "/assets/flags/tz.svg",
        "/assets/flags/ua.svg",
        "/assets/flags/ug.svg",
        "/assets/flags/um.svg",
        "/assets/flags/unknown.svg",
        "/assets/flags/us.svg",
        "/assets/flags/uy.svg",
        "/assets/flags/uz.svg",
        "/assets/flags/va.svg",
        "/assets/flags/vc.svg",
        "/assets/flags/ve.svg",
        "/assets/flags/vg.svg",
        "/assets/flags/vi.svg",
        "/assets/flags/vn.svg",
        "/assets/flags/vu.svg",
        "/assets/flags/wf.svg",
        "/assets/flags/ws.svg",
        "/assets/flags/xk.svg",
        "/assets/flags/ye.svg",
        "/assets/flags/yt.svg",
        "/assets/flags/za.svg",
        "/assets/flags/zm.svg",
        "/assets/flags/zw.svg",
        "/assets/fonts/fa-brands-400.eot",
        "/assets/fonts/fa-brands-400.svg",
        "/assets/fonts/fa-brands-400.ttf",
        "/assets/fonts/fa-brands-400.woff",
        "/assets/fonts/fa-brands-400.woff2",
        "/assets/fonts/fa-regular-400.eot",
        "/assets/fonts/fa-regular-400.svg",
        "/assets/fonts/fa-regular-400.ttf",
        "/assets/fonts/fa-regular-400.woff",
        "/assets/fonts/fa-regular-400.woff2",
        "/assets/fonts/fa-solid-900.eot",
        "/assets/fonts/fa-solid-900.svg",
        "/assets/fonts/fa-solid-900.ttf",
        "/assets/fonts/fa-solid-900.woff",
        "/assets/fonts/fa-solid-900.woff2",
        "/assets/fonts/materialdesignicons-webfont.eot",
        "/assets/fonts/materialdesignicons-webfont.svg",
        "/assets/fonts/materialdesignicons-webfont.ttf",
        "/assets/fonts/materialdesignicons-webfont.woff",
        "/assets/fonts/materialdesignicons-webfont.woff2",
        "/assets/fonts/summernote.eot",
        "/assets/fonts/summernote.ttf",
        "/assets/fonts/summernote.woff",
        "/assets/heatmap/catanduva.ts",
        "/assets/i18n/de.json",
        "/assets/i18n/en.json",
        "/assets/i18n/fr.json",
        "/assets/i18n/pt.json",
        "/assets/icons/icon-128x128.png",
        "/assets/icons/icon-144x144.png",
        "/assets/icons/icon-152x152.png",
        "/assets/icons/icon-192x192.png",
        "/assets/icons/icon-384x384.png",
        "/assets/icons/icon-512x512.png",
        "/assets/icons/icon-72x72.png",
        "/assets/icons/icon-96x96.png",
        "/assets/icons/old-icon-128x128.png",
        "/assets/icons/old-icon-144x144.png",
        "/assets/icons/old-icon-152x152.png",
        "/assets/icons/old-icon-192x192.png",
        "/assets/icons/old-icon-384x384.png",
        "/assets/icons/old-icon-512x512.png",
        "/assets/icons/old-icon-72x72.png",
        "/assets/icons/old-icon-96x96.png",
        "/assets/images/404.png",
        "/assets/images/Layer x0020 1.png",
        "/assets/images/favicon.ico",
        "/assets/images/favicon/android-icon-144x144.png",
        "/assets/images/favicon/android-icon-192x192.png",
        "/assets/images/favicon/android-icon-36x36.png",
        "/assets/images/favicon/android-icon-48x48.png",
        "/assets/images/favicon/android-icon-72x72.png",
        "/assets/images/favicon/android-icon-96x96.png",
        "/assets/images/favicon/apple-icon-114x114.png",
        "/assets/images/favicon/apple-icon-120x120.png",
        "/assets/images/favicon/apple-icon-144x144.png",
        "/assets/images/favicon/apple-icon-152x152.png",
        "/assets/images/favicon/apple-icon-180x180.png",
        "/assets/images/favicon/apple-icon-57x57.png",
        "/assets/images/favicon/apple-icon-60x60.png",
        "/assets/images/favicon/apple-icon-72x72.png",
        "/assets/images/favicon/apple-icon-76x76.png",
        "/assets/images/favicon/apple-icon-precomposed.png",
        "/assets/images/favicon/apple-icon.png",
        "/assets/images/favicon/favicon-16x16.png",
        "/assets/images/favicon/favicon-32x32.png",
        "/assets/images/favicon/favicon-96x96.png",
        "/assets/images/favicon/favicon.ico",
        "/assets/images/favicon/ms-icon-144x144.png",
        "/assets/images/favicon/ms-icon-150x150.png",
        "/assets/images/favicon/ms-icon-310x310.png",
        "/assets/images/favicon/ms-icon-70x70.png",
        "/assets/images/icon-black.svg",
        "/assets/images/icon-white.svg",
        "/assets/images/logo-light.png",
        "/assets/images/logo-sm.png",
        "/assets/images/logo-white.svg",
        "/assets/images/logo.svg",
        "/assets/images/mapa.webp",
        "/assets/images/old-icon-white.svg",
        "/assets/images/old-logo-white.svg",
        "/assets/images/preview.png",
        "/assets/images/step-1.png",
        "/assets/images/step-2.png",
        "/assets/images/step-3.png",
        "/assets/images/step-4.png",
        "/assets/images/step-5.png",
        "/assets/screenshots/sc1.png",
        "/assets/screenshots/sc2.png",
        "/assets/screenshots/sc3.png",
        "/assets/screenshots/sc4.png",
        "/assets/scss/_variables.scss",
        "/assets/scss/app.scss",
        "/assets/scss/bootstrap.scss",
        "/assets/scss/custom/components/_accordions.scss",
        "/assets/scss/custom/components/_backgrounds.scss",
        "/assets/scss/custom/components/_badge.scss",
        "/assets/scss/custom/components/_breadcrumb.scss",
        "/assets/scss/custom/components/_buttons.scss",
        "/assets/scss/custom/components/_card.scss",
        "/assets/scss/custom/components/_custom-checkbox.scss",
        "/assets/scss/custom/components/_custom-radio.scss",
        "/assets/scss/custom/components/_dropdown.scss",
        "/assets/scss/custom/components/_forms.scss",
        "/assets/scss/custom/components/_helper.scss",
        "/assets/scss/custom/components/_modal.scss",
        "/assets/scss/custom/components/_nav.scss",
        "/assets/scss/custom/components/_popover.scss",
        "/assets/scss/custom/components/_preloader.scss",
        "/assets/scss/custom/components/_print.scss",
        "/assets/scss/custom/components/_progress.scss",
        "/assets/scss/custom/components/_reboot.scss",
        "/assets/scss/custom/components/_ribbons.scss",
        "/assets/scss/custom/components/_social.scss",
        "/assets/scss/custom/components/_tables.scss",
        "/assets/scss/custom/components/_type.scss",
        "/assets/scss/custom/components/_widgets.scss",
        "/assets/scss/custom/fonts/_fonts.scss",
        "/assets/scss/custom/plugins/_icons.scss",
        "/assets/scss/custom/plugins/_waves.scss",
        "/assets/scss/custom/plugins/icons/_fontawesome-all.scss",
        "/assets/scss/custom/structure/_footer.scss",
        "/assets/scss/custom/structure/_general.scss",
        "/assets/scss/custom/structure/_horizontal-nav.scss",
        "/assets/scss/custom/structure/_topbar.scss",
        "/assets/scss/icons.scss",
        "/layers-2x.4f0283c6ce28e888000e.png",
        "/layers.a6137456ed160d760698.png",
        "/marker-icon.2273e3d8ad9264b7daa5.png"
      ],
      "patterns": []
    }
  ],
  "dataGroups": [],
  "hashTable": {
    "/assets/flags/ad.svg": "aaf69c4bc37f8522548acb7d65fa507c566d569a",
    "/assets/flags/ae.svg": "dd671e55a70bd5377821875b510b2b92c87015d3",
    "/assets/flags/af.svg": "1c78c6560e05a4eec95dc6c70392608ad3091a80",
    "/assets/flags/ag.svg": "f0752a5a40c813380611f34a2f1c948cc9e5df6f",
    "/assets/flags/ai.svg": "b8e12e64b3093c976dcacad9376914f6e3025563",
    "/assets/flags/al.svg": "2a7128966d2b3f26e262cc6787d807fe1e6df94f",
    "/assets/flags/am.svg": "8c14ecad36119a7f4fc3e26362b145025db09104",
    "/assets/flags/an.svg": "c6b0c5e6ef428c59e4e2cc31813affe6212d1a6b",
    "/assets/flags/ao.svg": "69c6dcece827d45b48d7507867151df6de63a616",
    "/assets/flags/aq.svg": "f12b67d44986c283c8dea449da7f86fe5a49698a",
    "/assets/flags/ar.svg": "9fa3a59a2013d5d0e4405dbd728118af688f7c95",
    "/assets/flags/as.svg": "594c8c3242a717142f5b14e38e3713e3f578edc8",
    "/assets/flags/at.svg": "897e41b7255a37b06108abf07ed46b57235fe2f5",
    "/assets/flags/au.svg": "17b158838e20706d6e7ccb35f61e4931707b93b0",
    "/assets/flags/aw.svg": "d16bfb74bbac3093cf5ad511a1df232e4820283f",
    "/assets/flags/ax.svg": "7ee6e9843f1baf75825cde595ccf214553391ab8",
    "/assets/flags/az.svg": "260174cce4ccc56a69b6b1a986e8780ac0047358",
    "/assets/flags/ba.svg": "84ae03f28fec7ca8586f4f82b1e0e82c8632bf0d",
    "/assets/flags/bb.svg": "e71a0379d049ee81fa9c333644a7094c0a472ee3",
    "/assets/flags/bd.svg": "d27902857e9b2b5d494fe9525f8c9b7ad5446fa0",
    "/assets/flags/be.svg": "31b96da0f78841f9669f9d2e6339aedfb084d89a",
    "/assets/flags/bf.svg": "ec04c26c070631c5ba0867a7f4922f56270a2f4c",
    "/assets/flags/bg.svg": "d8e9ee491aed027b9c68e562f868345bbc57279c",
    "/assets/flags/bh.svg": "98f0fe2a5def5ef6cc9669ff135b5d938e27a070",
    "/assets/flags/bi.svg": "89102fa047011f3e58b546b2f3a84a58dc8076a5",
    "/assets/flags/bj.svg": "10e53afb710ec4296aca1f9c686d170c25fd447d",
    "/assets/flags/bl.svg": "dd2e5e1a65131592a10cc8155cb9659000b909eb",
    "/assets/flags/bm.svg": "31df34dde4d68cd115ddcd6f57f1912707379f04",
    "/assets/flags/bn.svg": "15d1058ab2839e5693dc3e175dd43f69fe276f9a",
    "/assets/flags/bo.svg": "91ff19b39c71d6c995140c46340d6daceda2b1d8",
    "/assets/flags/bq.svg": "033be4f094b661c5aff918dc21ed6374cacf9e3a",
    "/assets/flags/br.svg": "63aab4c9f24d2c8e61d19173c05e816cb9a926d0",
    "/assets/flags/bs.svg": "17468be8d83df8d133fbda4526289e818d6d8d24",
    "/assets/flags/bt.svg": "01243baa44dcc5a941b92201d6dbdd88358a994a",
    "/assets/flags/bv.svg": "33d80190dba81f56da7c543ce33048d3e0137fa0",
    "/assets/flags/bw.svg": "90853891048e27a706a7007cc0d4ea4b15586bf9",
    "/assets/flags/by.svg": "66dc01ac0e71452eec6245a0b0cfc82c7e275ad3",
    "/assets/flags/bz.svg": "a21d336e1f0b14f76346b8415d8f4507d58236ad",
    "/assets/flags/ca.svg": "1ba250f48b23e786f87280a105e1e5f7154a613e",
    "/assets/flags/catanduva.jpg": "a3137792d5b4c7ab57efe83fa5f76f5255f5a6cf",
    "/assets/flags/cc.svg": "5e364127da1f0df19487bdad077904c71fd8f94a",
    "/assets/flags/cd.svg": "ea56dfcdf7bc757de44bbe2f99d8ce4f11011871",
    "/assets/flags/cf.svg": "112b7314f042063982104bf4428196c7b4d7bc4f",
    "/assets/flags/cg.svg": "9e276e916d529950127532078025acf3da3a95c0",
    "/assets/flags/ch.svg": "46246d9f98bf18f68b44bcf21889527547919e98",
    "/assets/flags/ci.svg": "e113a4968b5f44a12b0864f3e69816bede48de7a",
    "/assets/flags/ck.svg": "af6ef1d6a8c30950d474edd86659d2bdab59d5ab",
    "/assets/flags/cl.svg": "1f006c4132e14c2a774f2a454b3aee3ba5f34baa",
    "/assets/flags/cm.svg": "3ec2cf26a453ab1cad069a334b7f4555e23ad78f",
    "/assets/flags/cn.svg": "7fdc101ae0c68e32d173b2a5fde044ec025c7cd1",
    "/assets/flags/co.svg": "ce808c39aa9092652b5e0f689626650ca77ccee0",
    "/assets/flags/cr.svg": "9a5e4a173f2eec1b8f09abaf029aa85c35fea979",
    "/assets/flags/cu.svg": "2553aad651922665df51541bfa27ff378a3e8c56",
    "/assets/flags/cv.svg": "caf0f3dddd9c3e1e981c039b03c7e81edae43914",
    "/assets/flags/cw.svg": "397ae96f9c1fa21e1e6924dface5c0d24b02c76e",
    "/assets/flags/cx.svg": "7515cf1fb813823b5b4b59205f2f1c51b0ac66aa",
    "/assets/flags/cy.svg": "a086c6d593c1fc04523a0bde215f1f3456ed9c6e",
    "/assets/flags/cz.svg": "6fc63acef22f0cadbc7b7474bbed135e8af7b423",
    "/assets/flags/de.svg": "69fac1786e33208f397a4e9cb916996196c5673f",
    "/assets/flags/dj.svg": "4b74206ac4837eae249f3653e92a73a45f9eec13",
    "/assets/flags/dk.svg": "a2e2f30ae670e0c6d157c984c00cb5012a31c3a6",
    "/assets/flags/dm.svg": "63705ac9cf9d3850ef9331927e412d54fe90b3da",
    "/assets/flags/do.svg": "e6cc05e2ada2bf7d0577b987d354cd1567931d81",
    "/assets/flags/dz.svg": "6fcbb7a262711b4e34823a4e5863e9f37983f832",
    "/assets/flags/ec.svg": "fb8f84ae0e279b2b93a51f3ceaa5e82edb548c73",
    "/assets/flags/ee.svg": "c64c9dc0d6812221e7526f979d12fbfc52dfe549",
    "/assets/flags/eg.svg": "76d56d785c222f2551d5ab849bc94aefa727bcbf",
    "/assets/flags/eh.svg": "9fa6e28a7e6c1f735c17492aa321883b53c66a0a",
    "/assets/flags/er.svg": "9a61a428802c09f979a5c36fda1332f5ddcbe995",
    "/assets/flags/es.svg": "f52f6a50804771307435b93605f4e81379560f31",
    "/assets/flags/et.svg": "5c6235a3f8c686406ba7a3f4f95e3d3ad97fb339",
    "/assets/flags/eu.svg": "38baf79126d561968f029d6137d1689b92f83674",
    "/assets/flags/fi.svg": "ee9e44f99bf66d57a6a7bab4bde5ca93db308498",
    "/assets/flags/fj.svg": "6bee8c110f7141fb608fd3b80180302e24250bec",
    "/assets/flags/fk.svg": "c8c249249f615806a9d1858a4d98b5742a12bf43",
    "/assets/flags/fm.svg": "ef5d1644618d94f2728d10dbd6784a856def0328",
    "/assets/flags/fo.svg": "58c8af270ca621f037eceda37729de9f583c649f",
    "/assets/flags/fr.svg": "b52d8c0c7b34095b89b9f26bb5a57c08748b14be",
    "/assets/flags/ga.svg": "1eeb5e68b9df053fcd4c25fa7d908bf66c135e79",
    "/assets/flags/gb-eng.svg": "b7c77a80e392ae9af8334ac9e87f806546adc0b2",
    "/assets/flags/gb-nir.svg": "4d9202fd13cef40860568cb31218e920e58b5ae0",
    "/assets/flags/gb-sct.svg": "93bc50e5a1a1e14e96b18e5add1a0c83cfd19463",
    "/assets/flags/gb-wls.svg": "462e87c8bc072fabb259de244ef0fda75cd8cc62",
    "/assets/flags/gb.svg": "4d9202fd13cef40860568cb31218e920e58b5ae0",
    "/assets/flags/gd.svg": "dd7a590ff158e72fc753bc4689893ba8ca1c588a",
    "/assets/flags/ge.svg": "298cfefc4b92e25a42d6f48ac95719522be6f6d7",
    "/assets/flags/gf.svg": "b52d8c0c7b34095b89b9f26bb5a57c08748b14be",
    "/assets/flags/gg.svg": "fcab9fb88f7d4a2c9fe06d3d3a02fc02c8c2c9dd",
    "/assets/flags/gh.svg": "209cfbd115d211623046f874c4929b7e47bda519",
    "/assets/flags/gi.svg": "70c707821d915da771b5e3112d706bee7e83a2e8",
    "/assets/flags/gl.svg": "d2aff0c20d710ed58f899e2092c049e284e26753",
    "/assets/flags/gm.svg": "34a6c127c2a661f075026f6eb340d49df43651c1",
    "/assets/flags/gn.svg": "f3efa9404879559ec4c17c951b869d99705e8feb",
    "/assets/flags/gp.svg": "a18a0490b36c7180b699ace711a86a8e91fff956",
    "/assets/flags/gq.svg": "e24dc6075befbc74b7fa12624986156641dfa929",
    "/assets/flags/gr.svg": "f82d06d3087f46191bb826c3bb06dd0d844aaa0d",
    "/assets/flags/gs.svg": "79ee0d938f09bc5d28bfece2520ca9fd9b9b0099",
    "/assets/flags/gt.svg": "418d1a36d3e0b4b8ba505729df9500ab0bd6d038",
    "/assets/flags/gu.svg": "c267b5cf22b2eb4a366e3d828d2e593b9df71c41",
    "/assets/flags/gw.svg": "f583bb08d95bfbcb53e17560beb9e3b396323064",
    "/assets/flags/gy.svg": "ef620cea429b36102bff4bc9537dba53e48f4af8",
    "/assets/flags/hk.svg": "b1f96fad30b4c60978181f59e3a5c684c9a3f227",
    "/assets/flags/hm.svg": "17b158838e20706d6e7ccb35f61e4931707b93b0",
    "/assets/flags/hn.svg": "15a0e8017ff531b927d38afe318b37fc697e0cd4",
    "/assets/flags/hr.svg": "57946bf02a43a812e3531db350f6e44ba85dc12d",
    "/assets/flags/ht.svg": "9e37e8b0dde2e132f074af0169e3ee6ba6223067",
    "/assets/flags/hu.svg": "fa00708ae06a9a1f3cb229382d1b3c93b78b6220",
    "/assets/flags/id.svg": "96412d9e18575f49dfeef2d7d207df712bfbdf77",
    "/assets/flags/ie.svg": "8b1b6bcacfb8fee7fc318bf8e90d374e790cb4e0",
    "/assets/flags/il.svg": "86a8f137cf26453636f2e03b7b9333d9567227a6",
    "/assets/flags/im.svg": "bc6013ec8fc5bb80925cb7557791387878dd31e1",
    "/assets/flags/in.svg": "625e6d011a283b90d4ef1c5b910ceb59451d5ec2",
    "/assets/flags/io.svg": "719600fa2132afc656f2641d3d839fe1cc889de2",
    "/assets/flags/iq.svg": "c60849db1e2e6df323e944a19f615073223fe3b3",
    "/assets/flags/ir.svg": "06038fd6b4f388fd36410e86a9942d00cde9fdbe",
    "/assets/flags/is.svg": "80dd61e69788e56094c4e009b6cd1fc353878619",
    "/assets/flags/it.svg": "c530ced783949fec41347424c7e44999fdd2dee0",
    "/assets/flags/je.svg": "cdd03269febcd39020f9cbaa45e0c64a5668b05b",
    "/assets/flags/jm.svg": "d36cc6428aa8741779865761e7f86418d5d2e6a3",
    "/assets/flags/jo.svg": "3347db55ae1b445e3b19d871e7896857bfe0f25d",
    "/assets/flags/jp.svg": "dae29a9def8977ad5ab14684de6090f5d9d7a562",
    "/assets/flags/ke.svg": "f94e0f161843b3356da2b7172818fcbeb8d34e2e",
    "/assets/flags/kg.svg": "58d589c1ac01fa46ed158e5273b7a728cf08d92b",
    "/assets/flags/kh.svg": "2abd836d1a5a3aeb2c09f712aa45914bf6bb1b6f",
    "/assets/flags/ki.svg": "1068deac40d21f95a04950b25ba067f32b5bcab2",
    "/assets/flags/km.svg": "5d1b9f18cf71b051aa6d31ca8b70016bc034c055",
    "/assets/flags/kn.svg": "73ed9b5a362633d0efcb1336cfed2f0d2751bfcc",
    "/assets/flags/kp.svg": "63d40f6a0e7664c02da3019a1274e31f44386d9c",
    "/assets/flags/kr.svg": "6df73acca2a95bc937f35b2ee85f6307cadbcd97",
    "/assets/flags/kw.svg": "58a6506a0ffaf49acc055f112de8275f0d0505b8",
    "/assets/flags/ky.svg": "8c11354286d02af06c05c6c8e3bb84d8cdedeab4",
    "/assets/flags/kz.svg": "d92b58a29bda1f5b6dd3645b0407b2d6885882ce",
    "/assets/flags/la.svg": "b48ab9531cef8eabebbd88a5e4f1cc0286c54c28",
    "/assets/flags/lb.svg": "b7813e0348a452d86aec1c6818e6b780a149d676",
    "/assets/flags/lc.svg": "dfd62db327da1cc1af643b4d146c3e2253855037",
    "/assets/flags/li.svg": "c452093f708bb989df361a53968d15012872e07f",
    "/assets/flags/lk.svg": "1ccfc93945a6aa212dbfb360d2ca97e02fdf7f6e",
    "/assets/flags/lr.svg": "fc3a2550692d317a2a0c31ec11939e68b9d81e4d",
    "/assets/flags/ls.svg": "ef5db98aed89d3b7c6776b64f9a2b0d7f1ebffda",
    "/assets/flags/lt.svg": "60c5f3beba9c13adaf3f8e29b907bf908f70c636",
    "/assets/flags/lu.svg": "a9c26b1c288c9bec42b0b09eea707bac2f2405d2",
    "/assets/flags/lv.svg": "715b2b3f2be42777105a952d9b2e09722294281b",
    "/assets/flags/ly.svg": "b4aa7fb32118707bfbb7ac5c84ddfc270bb492d3",
    "/assets/flags/ma.svg": "68abd9bd63e793d45895ba765f5cfcdfc9f1b883",
    "/assets/flags/mc.svg": "8dd75a1333157d18cecdd57f6a205cf59770965a",
    "/assets/flags/md.svg": "7190dda8b00684762e02cd2ec38889ecfa675b5c",
    "/assets/flags/me.svg": "481675cc681fec630b81af21d606fc6add87f534",
    "/assets/flags/mf.svg": "a18a0490b36c7180b699ace711a86a8e91fff956",
    "/assets/flags/mg.svg": "9311d65148295c8cfe5cf5ac17aec0b447ad0de2",
    "/assets/flags/mh.svg": "634afd34d753ad091dff981b2f8ca235fe0c30c1",
    "/assets/flags/mk.svg": "0db1660003dae1ae837148e88428d214969bee22",
    "/assets/flags/ml.svg": "2333ab5bd0c7fa8f274e4c5c94be28e8afabae17",
    "/assets/flags/mm.svg": "5bd8611f214cf41d095af3b7a661cb94828cf118",
    "/assets/flags/mn.svg": "8a2b2631fde2b591e783fc5849ce6ceae93f618d",
    "/assets/flags/mo.svg": "e13b35b3d40e3e864049c446bebbb6bfac78fb7f",
    "/assets/flags/mp.svg": "b724c11f34f9796aead31b2e0c93f216fb347885",
    "/assets/flags/mq.svg": "a8353429457a13df8ba746bf0cd13ec25af714df",
    "/assets/flags/mr.svg": "0679eb2ffe560bb2bb3cae48285028758638aa6f",
    "/assets/flags/ms.svg": "73938fb4a33d397069b8d6dbad4cd53299a3aa58",
    "/assets/flags/mt.svg": "9d4e3506c3bd1652629f3d0f08cdc37a9dfa2ce3",
    "/assets/flags/mu.svg": "307928fd52bae33dd7d777bc6df5fc1f506fcec8",
    "/assets/flags/mv.svg": "5c4efa9b23ffc7c080e032c6f8c1741820cbba51",
    "/assets/flags/mw.svg": "7a73bd5795f887a34e5008def91672525705ba06",
    "/assets/flags/mx.svg": "af45214d4214ac5abeec4b41be62f2eb1f4954d3",
    "/assets/flags/my.svg": "fcc77eaf07f9d195afe033a3b07189554043c648",
    "/assets/flags/mz.svg": "674bfb61e5ba084b9128b65f3f746efa357864d2",
    "/assets/flags/na.svg": "4dca83b9fe6c74b6dee0a254a61b91043608850a",
    "/assets/flags/nc.svg": "7e693b19d8388038159c9467e4e9abc41937ece6",
    "/assets/flags/ne.svg": "a27ec6f2950116a1c58d7b2070839f64a953201d",
    "/assets/flags/nf.svg": "69cb64a34e6fc98ccd992d4d39630c743a8c2195",
    "/assets/flags/ng.svg": "e98b0bbf1bf20d766992dac66f06c4eec098e566",
    "/assets/flags/ni.svg": "3dde6c67ad5136920b530b4ee64e647888f8feac",
    "/assets/flags/nl.svg": "033be4f094b661c5aff918dc21ed6374cacf9e3a",
    "/assets/flags/no.svg": "33d80190dba81f56da7c543ce33048d3e0137fa0",
    "/assets/flags/np.svg": "a5c1c826312db4398701a374c0f9bc7f12623c33",
    "/assets/flags/nr.svg": "c488e360e4a72c276261a7eff8c488fc6bfae833",
    "/assets/flags/nu.svg": "8211fe796d270de4f6b47e18ab31fb80a698f663",
    "/assets/flags/nz.svg": "d160311783ae1b4d4983df6016d03d0628688bb1",
    "/assets/flags/om.svg": "c43e6976dc7b32e929172bcb4f7303d066ef98a3",
    "/assets/flags/pa.svg": "273d164ed340bd20b3ff3b3201035cad36f9b3f5",
    "/assets/flags/pe.svg": "550974afb4a7166a7407170a33476a92de33aedb",
    "/assets/flags/pf.svg": "97f77233800ed5a58914891c65ca7be9643407de",
    "/assets/flags/pg.svg": "11321f5492cfc9b2b2881697dcc87e1ed0ab12fc",
    "/assets/flags/ph.svg": "18b4ef97b84c185c7677e043136eb53cf3072671",
    "/assets/flags/pk.svg": "d377c053a15361acd6eb3cf78b4502de6538a70d",
    "/assets/flags/pl.svg": "97c359b860011b44c59087841de6d9809777f58a",
    "/assets/flags/pm.svg": "a18a0490b36c7180b699ace711a86a8e91fff956",
    "/assets/flags/pn.svg": "050b87e9049d0cedaea7e80d0e1d44bc95f6c011",
    "/assets/flags/pr.svg": "1f74f4caf4cffbfe3311248673890d28b535df19",
    "/assets/flags/ps.svg": "3c5417d9177720d3f6f40c9a9ddb03040628c19d",
    "/assets/flags/pt.svg": "2979ff12857f5df77951206bdff23d50d92d1430",
    "/assets/flags/pw.svg": "0f33b75ac49f8cb945fa4ef3ee15266a2fc39218",
    "/assets/flags/py.svg": "99bb7e6bf33accb0cedd11644f5e78379482535a",
    "/assets/flags/qa.svg": "b222284f07f4c72bfbcca9307edd27e4237a9203",
    "/assets/flags/re.svg": "a18a0490b36c7180b699ace711a86a8e91fff956",
    "/assets/flags/ro.svg": "cb535293898308280f82d108563bd6dd791cf166",
    "/assets/flags/rs.svg": "6debd167a735b6202245aecd085697f3d9b24b7e",
    "/assets/flags/ru.svg": "8cd7358527308c3fd319068c2e59e01fe73c711b",
    "/assets/flags/rw.svg": "fb2c1381c53b5028c092c2b97318fe0869459315",
    "/assets/flags/sa.svg": "4c7dac33e2ba331e20c8b6c8e3b9afee0781ff84",
    "/assets/flags/sb.svg": "f39c0c3359b9ed70c37b8da48ba0316909528747",
    "/assets/flags/sc.svg": "bcb8f2f3b5fda98ddcb94a2675b5739fd59b7d8a",
    "/assets/flags/sd.svg": "fd7cfc4d94cb7507c107fc91ee991c3674b5e027",
    "/assets/flags/se.svg": "2ccce0709119188a1cc30358bcf197415c812abd",
    "/assets/flags/sg.svg": "d9a6bee3e4fff78a0fc9b3fce52b34969426b486",
    "/assets/flags/sh.svg": "4d9202fd13cef40860568cb31218e920e58b5ae0",
    "/assets/flags/si.svg": "7c47b98e65a9e4a1f838ec9fcd711e3b2476920f",
    "/assets/flags/sj.svg": "33d80190dba81f56da7c543ce33048d3e0137fa0",
    "/assets/flags/sk.svg": "e889e1abfec756cdb8732eb0528ac1032a37ab0d",
    "/assets/flags/sl.svg": "abcc85bbe81e269585a54acf4c2743229cf73602",
    "/assets/flags/sm.svg": "643fed7de70c8032c90f0bdb4b49e889bbbbbb34",
    "/assets/flags/sn.svg": "2e60a04e6a819ec5ca906193435fdea8e1d97c76",
    "/assets/flags/so.svg": "8bf9ac860190757e8e10b272408d5945de7ee992",
    "/assets/flags/sr.svg": "10b9ce470f6df86dc685229d0329cb29111a37fc",
    "/assets/flags/ss.svg": "4d88734b9c953bc6e66d9f19eaf36230638553ad",
    "/assets/flags/st.svg": "e637901cce28f2598fc347b5b7f463da9d781927",
    "/assets/flags/sv.svg": "e48ec1ff9632dab1387e1bf5490ff36b3dc93982",
    "/assets/flags/sx.svg": "225137d8173a61129ce1bb8a2955cf7cc13409e5",
    "/assets/flags/sy.svg": "4dc596c2f07580204548f5ce78afc67fe46884b6",
    "/assets/flags/sz.svg": "a61cdad8d1481307bd62fe7ccfa9f33548363267",
    "/assets/flags/tc.svg": "d1ef0deafa9f3de5266dbd0946117e7c58e5ddea",
    "/assets/flags/td.svg": "b8fae1cf0cf63c5bf8ecdffff44b96a76306cf35",
    "/assets/flags/tf.svg": "acf3e053b935f55125326dab479a90b3b5d82a7a",
    "/assets/flags/tg.svg": "4d776e954e5058b8ee82ec03fd9f94d4e84e2fa6",
    "/assets/flags/th.svg": "680d76d1fa4ba8b0567253d6e6caabe286daf76b",
    "/assets/flags/tj.svg": "b0acb93c9e683edf13456eea95e4034a8a14f00d",
    "/assets/flags/tk.svg": "653a5ead2bad0868bfc3aaad92c0048d0152cfda",
    "/assets/flags/tl.svg": "12eb26abc713df48c7cdd53873e59feeabdbc589",
    "/assets/flags/tm.svg": "5f7a298c2af8d18265fc342998bc74bbc39dee68",
    "/assets/flags/tn.svg": "52549b36d4b43ffc586da9a17c46e4a0dd919075",
    "/assets/flags/to.svg": "8d54e6d2ab6481b23e0ce079f4da4986dcc04438",
    "/assets/flags/tr.svg": "dc839644e90a9bb3cf3ee42460aa89704c8e774b",
    "/assets/flags/tt.svg": "c9db362fbff6fc71cc0b44ee4848fcf1b5e303b6",
    "/assets/flags/tv.svg": "a1cabd26df34fb56928b40f90bc31ef97133fd9f",
    "/assets/flags/tw.svg": "8a10fc0c856bfc0f2ae1dc52948d439bbfca17d2",
    "/assets/flags/tz.svg": "0fceb79902db8584aca09d1a7daead673632e820",
    "/assets/flags/ua.svg": "3b2da8d0c735e084db935aee5715aa93cb88ed0e",
    "/assets/flags/ug.svg": "a60399e970137a625e89da479dba92b7afbcf8ca",
    "/assets/flags/um.svg": "d128b6a142be876b37a25e4b2b7b84a4df0ebcec",
    "/assets/flags/unknown.svg": "447919e30b1b74b26a277d0a2cd537d37f321c37",
    "/assets/flags/us.svg": "d128b6a142be876b37a25e4b2b7b84a4df0ebcec",
    "/assets/flags/uy.svg": "e6ad68ca34182ba93cfcb4aa204b8ac18b5f4625",
    "/assets/flags/uz.svg": "5bfdb235d670f432d37237b8e1f240abc7f9de05",
    "/assets/flags/va.svg": "e3e8cd58bb299c7283053e49cded9545143d31a7",
    "/assets/flags/vc.svg": "f36d567eac1259fc880c629a1680a47379ddb297",
    "/assets/flags/ve.svg": "77ecd01e5a58b385452723cb63bee35d17b9b99f",
    "/assets/flags/vg.svg": "6648c071810251e61b2decba40205493817b0795",
    "/assets/flags/vi.svg": "64372fbe11e563b8d534776337f587d13bc90928",
    "/assets/flags/vn.svg": "dd99de4671f1c3b96dcebdd7db461bce4cd1d268",
    "/assets/flags/vu.svg": "f3157909787e069b7ffa83927da1c32e9a6fdd34",
    "/assets/flags/wf.svg": "17e7097f697f1e733f645719eb2c2199db859b46",
    "/assets/flags/ws.svg": "287fffd532dcd236c9b7f23d0eebb4caaa544191",
    "/assets/flags/xk.svg": "39abe74889d3abbb29b27675e7e4ec7365c758ae",
    "/assets/flags/ye.svg": "c57ac69018bd12fa98742da2ed5f6ccc6b9e0763",
    "/assets/flags/yt.svg": "a18a0490b36c7180b699ace711a86a8e91fff956",
    "/assets/flags/za.svg": "6cd331a6cb9bb6812372a59dfc0252c5d36e5157",
    "/assets/flags/zm.svg": "46a044440de3eb0ff86d225c52be6c85e1609101",
    "/assets/flags/zw.svg": "827301cae3178861be2b580d0fdbd7e2c5f55b39",
    "/assets/fonts/fa-brands-400.eot": "077fb9ea340316075962ba08e4fdc96eb2e4df07",
    "/assets/fonts/fa-brands-400.svg": "94b435b77d62b21bbb378d9a4dbc18494225eb0a",
    "/assets/fonts/fa-brands-400.ttf": "69b73df3c8992a93859246065a267a05bfd8cf56",
    "/assets/fonts/fa-brands-400.woff": "ead05c8f530e600a8e27cab0ff7065d7a41b7b0f",
    "/assets/fonts/fa-brands-400.woff2": "f988b2efe9434b0af28943708d33dd3afad9a5ba",
    "/assets/fonts/fa-regular-400.eot": "43350c3fa2db974faa8c275c1a1d35e5973ddf98",
    "/assets/fonts/fa-regular-400.svg": "67132d14a641ad8e59570cc37310c6fc777987a5",
    "/assets/fonts/fa-regular-400.ttf": "9706453c3ea9b73e7c08b3be1e7c716d655cf916",
    "/assets/fonts/fa-regular-400.woff": "52442e07d8cfc65daeefb08d3d7f64b8331b57e0",
    "/assets/fonts/fa-regular-400.woff2": "fbb0d9d51850d824d7eba66e0e210c778d6d42f5",
    "/assets/fonts/fa-solid-900.eot": "6275300c533b525bd590a7e8190ee00c67928313",
    "/assets/fonts/fa-solid-900.svg": "a24f75395c61216cb50d17e9c1d159984a464097",
    "/assets/fonts/fa-solid-900.ttf": "3f760416638f6459ade7251b80fd7bc27d6ad1c6",
    "/assets/fonts/fa-solid-900.woff": "594f1d426bbb705028696be1686176508b04793c",
    "/assets/fonts/fa-solid-900.woff2": "80644191098f863f25be27841c0d92c452cf2327",
    "/assets/fonts/materialdesignicons-webfont.eot": "f4ac13a1db2e75cc443950454205493237da7694",
    "/assets/fonts/materialdesignicons-webfont.svg": "ff5dc2b17d87d2332798ff79cb34f3fdc4b9b9ee",
    "/assets/fonts/materialdesignicons-webfont.ttf": "f43fdf96cad017650fec26420797147ebcd4ca67",
    "/assets/fonts/materialdesignicons-webfont.woff": "8e3046c3377ca08873bca7f2ca6e7d13003acf9c",
    "/assets/fonts/materialdesignicons-webfont.woff2": "a611f43c63d8a380791f49ab4af729d63cfce28a",
    "/assets/fonts/summernote.eot": "51ae0f115d53af97c07cd8568e5a6a949b31e9cf",
    "/assets/fonts/summernote.ttf": "ac1208a1b2b7fdf02e95fc41a95cc03c8632f481",
    "/assets/fonts/summernote.woff": "db14a5b479332023d45af15a5fe9f433bbc6290f",
    "/assets/heatmap/catanduva.ts": "b705989b44d0db1ac4604bfee7310ea18ece5ae4",
    "/assets/i18n/de.json": "98f058324d64da09495d28b830afc7980938bf47",
    "/assets/i18n/en.json": "c0525e27fb931b179c1a0af6610b16297e131c6d",
    "/assets/i18n/fr.json": "b98401cdee7d4bd5b7e7ad6b998b732d42a49cac",
    "/assets/i18n/pt.json": "d20663975317bfe845d986ed0ebd3cf7ead45643",
    "/assets/icons/icon-128x128.png": "2195918ac7a8e90e46b4adaf94f65b7df8eb1e49",
    "/assets/icons/icon-144x144.png": "ad8615def0cffba6b7218062912421ab32075925",
    "/assets/icons/icon-152x152.png": "98c96a60b3d29c9159b581819253fa4b7ed56476",
    "/assets/icons/icon-192x192.png": "5b2d5cb7eb6bbb641abfd551c3db6f00b409f1da",
    "/assets/icons/icon-384x384.png": "552bf62a3b0a2e73abef70751de1ef0eb0972669",
    "/assets/icons/icon-512x512.png": "910834e7c3f28378fe3279f91977e3b5b9d27858",
    "/assets/icons/icon-72x72.png": "572594c1d8c1e8846b8a5f814a537a9e335b8e64",
    "/assets/icons/icon-96x96.png": "1da95edba79bdd20b1283131db8d59443e62abc7",
    "/assets/icons/old-icon-128x128.png": "6f84a6f6c144e7f8e0f1db43f911ebeebf2fa74d",
    "/assets/icons/old-icon-144x144.png": "ce7c56768092324536733f324d3b30ba76ad2ee8",
    "/assets/icons/old-icon-152x152.png": "f47261415d36bb6e6a85f686ded6e6f863157b89",
    "/assets/icons/old-icon-192x192.png": "e941fe05573a5ed38221048ca5c126d4140222b8",
    "/assets/icons/old-icon-384x384.png": "3873238c18e11aceb89aa5da44eccb790180c8a6",
    "/assets/icons/old-icon-512x512.png": "d3ad390b154f48841ef37153c4f4ed7c23feb2e9",
    "/assets/icons/old-icon-72x72.png": "6e8eeecf466c226119bba349caf3a0a0f887d9b1",
    "/assets/icons/old-icon-96x96.png": "68609749f484bef736e8a24478ece8ee52cf5705",
    "/assets/images/404.png": "21753f6cbc8b3f1c205c5bf0472aa8aebabf6e7b",
    "/assets/images/Layer x0020 1.png": "38de5f3a1e88a445eb4f6d6784e13c01840d61fe",
    "/assets/images/favicon.ico": "7f9a5418c0a7ee4c9f475ac32d1042828ec309be",
    "/assets/images/favicon/android-icon-144x144.png": "dbeea1da5c171967975481619d5518727a014b90",
    "/assets/images/favicon/android-icon-192x192.png": "ad4b1b0f7a12f420757d88758fe41cf3ab4a8961",
    "/assets/images/favicon/android-icon-36x36.png": "46e2456ecfda44acee750945da1c087bc86ab2d4",
    "/assets/images/favicon/android-icon-48x48.png": "63e687e849001af1b6e18d5a7c969bda3772113a",
    "/assets/images/favicon/android-icon-72x72.png": "6e5148b6cabd9dbfdc6c7aa15db8de15a170e1b1",
    "/assets/images/favicon/android-icon-96x96.png": "8eb023b53a40bfd6cc814d519fc5b386a3a76bfa",
    "/assets/images/favicon/apple-icon-114x114.png": "62ec98366fd2742fa75f6d841f85ba86f9b833a4",
    "/assets/images/favicon/apple-icon-120x120.png": "754e95f376a2b8cafcfd8f79c2f57bf64706110e",
    "/assets/images/favicon/apple-icon-144x144.png": "dbeea1da5c171967975481619d5518727a014b90",
    "/assets/images/favicon/apple-icon-152x152.png": "68fdd18947c6b625fd90dae90dbf5883e12b6a75",
    "/assets/images/favicon/apple-icon-180x180.png": "6ab7a9023b4196483a5a2ee9deb52d254300356d",
    "/assets/images/favicon/apple-icon-57x57.png": "668eeca8d6e2c10f0ca45bc6e6d8046a5b011051",
    "/assets/images/favicon/apple-icon-60x60.png": "2dc66946b4b77024a46c7f6fb8d493c979db52a5",
    "/assets/images/favicon/apple-icon-72x72.png": "6e5148b6cabd9dbfdc6c7aa15db8de15a170e1b1",
    "/assets/images/favicon/apple-icon-76x76.png": "3b565880caebf51d9e82b5db73ad5519c6e77833",
    "/assets/images/favicon/apple-icon-precomposed.png": "9a20fa4ff44aeb0213128c443de6d5d1850d93aa",
    "/assets/images/favicon/apple-icon.png": "9a20fa4ff44aeb0213128c443de6d5d1850d93aa",
    "/assets/images/favicon/favicon-16x16.png": "ac467ea64e732c1136c100d2dc86ee1dccb2a6b1",
    "/assets/images/favicon/favicon-32x32.png": "52ab13d33e75a1a906d3b48259cb9ffee4f52c03",
    "/assets/images/favicon/favicon-96x96.png": "8eb023b53a40bfd6cc814d519fc5b386a3a76bfa",
    "/assets/images/favicon/favicon.ico": "e193492cf1e4627855b23a113308bf41c78a6542",
    "/assets/images/favicon/ms-icon-144x144.png": "dbeea1da5c171967975481619d5518727a014b90",
    "/assets/images/favicon/ms-icon-150x150.png": "b7c872357f458c9630cbbd8d2c3c7cf274f43df9",
    "/assets/images/favicon/ms-icon-310x310.png": "ef6e46565cd771327b80d676ad1fb8386ac74173",
    "/assets/images/favicon/ms-icon-70x70.png": "abf17b5f7b9ad2052850a56ddc16298f0fcf178d",
    "/assets/images/icon-black.svg": "c6504db50eeaef6b650bf2e0a087bb4672d7c401",
    "/assets/images/icon-white.svg": "5a73a0ae0aa36fd598fe428bf2cd3c2540bdf005",
    "/assets/images/logo-light.png": "4f913a5a44b64e925c1ab87040bb0456cea15ac1",
    "/assets/images/logo-sm.png": "3df4b0735e29a3e22f4c4cb787064bdae687d4a4",
    "/assets/images/logo-white.svg": "4d10bca7e317c52fd8aed55514ea1257533131c6",
    "/assets/images/logo.svg": "0fccaa0e509f8dc992e17e70c7b7ff81fdf15a23",
    "/assets/images/mapa.webp": "f5d6f424cbc2938635a84ce325cb03c7b89e26c6",
    "/assets/images/old-icon-white.svg": "18adeecdf5ebc0e65ceb7a09da97c008569f9c7f",
    "/assets/images/old-logo-white.svg": "b5b5faa896cce19f95b0935850eaf5ef68b5e9fe",
    "/assets/images/preview.png": "f4be6ef4bc6cdf85a7e50afded1b14b5df040ab1",
    "/assets/images/step-1.png": "4780fb221590d005d74c307112ab6c448643eb46",
    "/assets/images/step-2.png": "f393bb4ceb9b6e42a3a183e5c9f4902fe0776b84",
    "/assets/images/step-3.png": "c1172e8185f1474c2eff470db60a9072af516db5",
    "/assets/images/step-4.png": "9dcda9104448626bf21b59033f737327c2b02613",
    "/assets/images/step-5.png": "fce6df390d0b0a36c88972e7b71f2fc2917fea57",
    "/assets/screenshots/sc1.png": "21f1f158468b9c01a9195a85d69ee44195d4dc22",
    "/assets/screenshots/sc2.png": "6c375f09c0d2f35812c6dc7c6a881489d0f3c2da",
    "/assets/screenshots/sc3.png": "3e75b000246895f0b835fac6f7516f8115f7d1d0",
    "/assets/screenshots/sc4.png": "baeae8e5ea1a9af4d1147e86a8441c0329501cb3",
    "/assets/scss/_variables.scss": "28c528e45a722c7ff5efb8e972d0928b080e81a0",
    "/assets/scss/app.scss": "1bb11939db05eecfe5c3f26c16f5943e581945d5",
    "/assets/scss/bootstrap.scss": "2efc0abbe83c5d4eeb6261847c2ada7d67f3b1fd",
    "/assets/scss/custom/components/_accordions.scss": "8f5a798193b5f7370346f6ccaa5ad669922cb83b",
    "/assets/scss/custom/components/_backgrounds.scss": "0d22ca705af7ac37b45bde7de1c6e77297ef679d",
    "/assets/scss/custom/components/_badge.scss": "2bc1e0fdb359a9545b69b67fdd64905f9c57eb65",
    "/assets/scss/custom/components/_breadcrumb.scss": "2502de41e8e67c30540cf3e848bddd5bd4519d9e",
    "/assets/scss/custom/components/_buttons.scss": "220b4c2c32aa34a6327689345a25876b5573ecd9",
    "/assets/scss/custom/components/_card.scss": "9c4f79001b27d5fac9ffd2293be49062f303e9d1",
    "/assets/scss/custom/components/_custom-checkbox.scss": "125550095572b33ec31eaaf5a52fc80b310853d5",
    "/assets/scss/custom/components/_custom-radio.scss": "733187ace8f490ab5df4e2cbefef8c0c46c25890",
    "/assets/scss/custom/components/_dropdown.scss": "636417b7fb6d638da5aa4d5afef7a6cc64c9c4d9",
    "/assets/scss/custom/components/_forms.scss": "a4a0fee6d75fec8ac0b32ca01cc7d62d5d60c143",
    "/assets/scss/custom/components/_helper.scss": "0ed86771a0251be1c5e801d8079e849386a28de3",
    "/assets/scss/custom/components/_modal.scss": "620d715190da660436b8525bdc6ff67cc40244e3",
    "/assets/scss/custom/components/_nav.scss": "58536c9869857e63bd035788a3fe73ac6602969f",
    "/assets/scss/custom/components/_popover.scss": "2a3f7bbf68320311ea895c59452ba3a16d1e5ba3",
    "/assets/scss/custom/components/_preloader.scss": "4a3a11ea19106fb685fc19881c0d0b815f123e9b",
    "/assets/scss/custom/components/_print.scss": "e7c6e6334fa982c4b6c8020f908b3dc992f51367",
    "/assets/scss/custom/components/_progress.scss": "5f0d078def7eff6bc07c06f4a94242fe5d636301",
    "/assets/scss/custom/components/_reboot.scss": "2a1714a8f78c216af83af18ad23f26c38b64851e",
    "/assets/scss/custom/components/_ribbons.scss": "6ec9159fb9c34173a7b8fd497438c5418fe6f5e1",
    "/assets/scss/custom/components/_social.scss": "72a79c731846c455efa788c1fae83a9f2762290f",
    "/assets/scss/custom/components/_tables.scss": "af785cd887ac5ffc81d929d08f23770ba37ce687",
    "/assets/scss/custom/components/_type.scss": "cefb27f81857970348bcbd9a07f69461af706536",
    "/assets/scss/custom/components/_widgets.scss": "3ed04424093f3cd588af3f88ead3f8b72b78c60b",
    "/assets/scss/custom/fonts/_fonts.scss": "b1a07cacfb465a3c3364e630f895604d1b1e6dd4",
    "/assets/scss/custom/plugins/_icons.scss": "d91175be37d55e870c47aed309f9311cda74722c",
    "/assets/scss/custom/plugins/_waves.scss": "7f4c8c0de4820c78ab960fc66bdf56666e0cdef5",
    "/assets/scss/custom/plugins/icons/_fontawesome-all.scss": "02c4527ad9eb2a5d0c0b2c012b6fcf5d54c56c92",
    "/assets/scss/custom/structure/_footer.scss": "3ca9caf311ac96474caf360aab6ae399fea13f44",
    "/assets/scss/custom/structure/_general.scss": "ad2c5ee6e4a53a7fecc10cc08f36c094d551d1cc",
    "/assets/scss/custom/structure/_horizontal-nav.scss": "6d1a35abe30e90e5a597aafa9300cfad15af1730",
    "/assets/scss/custom/structure/_topbar.scss": "771718214d280ec8f3506fb5623b1f24a5fca490",
    "/assets/scss/icons.scss": "aba0df7b6b88d5100f31ef0eb91664c53c55de2d",
    "/canvg-es2015.d15a54cb936d3ae5df24.js": "41a0ca2c5e8e03f53bc2dd0e6ed9f4b1ee706368",
    "/canvg-es5.d15a54cb936d3ae5df24.js": "b911a9bbb7a65f9237c7edd8c5c9c83c9aafe9c1",
    "/index.html": "a80ec8edc95dc48f135c3396da019bd100607b36",
    "/layers-2x.4f0283c6ce28e888000e.png": "152a162333e46d24f9d89f566312fc0c64011dee",
    "/layers.a6137456ed160d760698.png": "c9e7528e491a39232ba24a2706c6c739d6fb0f06",
    "/main-es2015.ccb29fad7a8e0f4ba3e8.js": "9e2d12b635a83cf29ff577f52ea341376c2719ae",
    "/main-es5.ccb29fad7a8e0f4ba3e8.js": "c987e76b21f69b9569df09b05c51b357b49f3611",
    "/manifest.webmanifest": "b183acebed94771865e60ac8b7beedbeeb9e3bb9",
    "/marker-icon.2273e3d8ad9264b7daa5.png": "60a90bcbb2b42b7ddb4556db94eb7c1084b0e5da",
    "/pdfmake-es2015.fafbc45c92efb4c7d568.js": "4f9ddb5a702c25ab9e0df0e4a6d15fb10a2f1683",
    "/pdfmake-es5.fafbc45c92efb4c7d568.js": "2d86e4fe28b41e82f619a183648b60a8deba0f7e",
    "/polyfills-es2015.dbec0c0db560c1d15a28.js": "d7e4fa953e53c32a28c8040fad7aeb2daaf59ab0",
    "/polyfills-es5.9cbbc9758d6fa6c1ca74.js": "64c7354c1ae265c4d5f380cc9824e4c5c5e890a1",
    "/runtime-es2015.b62ad8636d13ffb4bf91.js": "00883416af1f5c7067f6703a3e53be18564793b8",
    "/runtime-es5.b62ad8636d13ffb4bf91.js": "1265d04d67dc6fcfc347769b08281cd4b2e5af57",
    "/scripts.7bca0281299d35514a17.js": "6c6a140c03a9c7716b464dd227d093e1c1b6c9ad",
    "/styles.fca2f1d29e4f7b09f9ad.css": "daae80cade1e773a57242b7d4a4d918c415b41aa",
    "/xlsx-es2015.c6f98f630709bb00d485.js": "e588e9bf4640059bd1694a35f2c9c7cc7c8c9cda",
    "/xlsx-es5.c6f98f630709bb00d485.js": "d488b50fb122b8aaba74a08823b53598d746e23b"
  },
  "navigationUrls": [
    {
      "positive": true,
      "regex": "^\\/.*$"
    },
    {
      "positive": false,
      "regex": "^\\/(?:.+\\/)?[^/]*\\.[^/]*$"
    },
    {
      "positive": false,
      "regex": "^\\/(?:.+\\/)?[^/]*__[^/]*$"
    },
    {
      "positive": false,
      "regex": "^\\/(?:.+\\/)?[^/]*__[^/]*\\/.*$"
    }
  ]
}